course_name,sub_clo_code,rank,job_id,job_title,job_company,job_source,cross_encoder_score
Algoritma dan Pemrograman,CLO 1-SubCLO02,1,li_4419568698,"Software Engineer (Backend), Content Foundations","Scribd, Inc.",linkedin,-4.0088
Algoritma dan Pemrograman,CLO 1-SubCLO02,2,li_4419575653,"Software Engineer (Backend), Content Foundations","Scribd, Inc.",linkedin,-4.0088
Algoritma dan Pemrograman,CLO 1-SubCLO02,3,li_4419558780,"Software Engineer (Backend), Content Foundations","Scribd, Inc.",linkedin,-4.0088
Algoritma dan Pemrograman,CLO 1-SubCLO02,4,li_4419576591,"Software Engineer (Backend), Content Foundations","Scribd, Inc.",linkedin,-4.0088
Algoritma dan Pemrograman,CLO 1-SubCLO02,5,li_4419576589,"Software Engineer (Backend), Content Foundations","Scribd, Inc.",linkedin,-4.0088
Algoritma dan Pemrograman,CLO 1-SubCLO03,1,li_4415952925,Computer Programmer (On-Site),CSSI,linkedin,-3.7778
Algoritma dan Pemrograman,CLO 1-SubCLO03,2,li_3815119724,Software,Bay Mortgage Services,linkedin,-4.3198
Algoritma dan Pemrograman,CLO 1-SubCLO03,3,li_4403509120,Software Engineer,KIHOMAC,linkedin,-5.5571
Algoritma dan Pemrograman,CLO 1-SubCLO03,4,li_4424958127,Product Designer,Plot,linkedin,-5.5878
Algoritma dan Pemrograman,CLO 1-SubCLO03,5,li_4406796300,Software Engineer,Anicca Data Science Solutions,linkedin,-5.7772
Algoritma dan Pemrograman,CLO 1-SubCLO04,1,li_4428972054,User Experience Analyst,Auto-Owners Insurance,linkedin,-2.6197
Algoritma dan Pemrograman,CLO 1-SubCLO04,2,li_4418681963,Product Designer,SimpliGov,linkedin,-4.3533
Algoritma dan Pemrograman,CLO 1-SubCLO04,3,gd_1009846201389,AI Researcher,"AGI, Inc.",glassdoor,-4.5308
Algoritma dan Pemrograman,CLO 1-SubCLO04,4,li_4411650169,"Software Engineer, Trust",Notion,linkedin,-4.6097
Algoritma dan Pemrograman,CLO 1-SubCLO04,5,li_4411637470,"Software Engineer, Trust",Notion,linkedin,-4.6097
Algoritma dan Pemrograman,CLO 1-SubCLO05,1,gd_1010070797503,AI Resident - Learning From Videos (LFV),Toyota Research Institute,glassdoor,-2.6011
Algoritma dan Pemrograman,CLO 1-SubCLO05,2,li_4424958127,Product Designer,Plot,linkedin,-4.7984
Algoritma dan Pemrograman,CLO 1-SubCLO05,3,li_3907138810,Full-stack Engineer,Speak,linkedin,-5.0152
Algoritma dan Pemrograman,CLO 1-SubCLO05,4,li_4434088291,Software Engineer,C1,linkedin,-5.0616
Algoritma dan Pemrograman,CLO 1-SubCLO05,5,li_4434073696,Software Engineer,C1,linkedin,-5.0616
Algoritma dan Pemrograman,CLO 1-SubCLO06,1,li_4429569313,Full Stack Software Engineer,Treeswift,linkedin,-4.9151
Algoritma dan Pemrograman,CLO 1-SubCLO06,2,li_4380008807,Software Engineer II (Maritime),Torch.AI,linkedin,-5.167
Algoritma dan Pemrograman,CLO 1-SubCLO06,3,li_4418681963,Product Designer,SimpliGov,linkedin,-5.289
Algoritma dan Pemrograman,CLO 1-SubCLO06,4,li_3907138810,Full-stack Engineer,Speak,linkedin,-5.3511
Algoritma dan Pemrograman,CLO 1-SubCLO06,5,gd_1009846201389,AI Researcher,"AGI, Inc.",glassdoor,-6.2422
Algoritma dan Pemrograman,CLO 1-SubCLO07,1,gd_1010070797503,AI Resident - Learning From Videos (LFV),Toyota Research Institute,glassdoor,-2.7678
Algoritma dan Pemrograman,CLO 1-SubCLO07,2,li_4419568698,"Software Engineer (Backend), Content Foundations","Scribd, Inc.",linkedin,-3.6231
Algoritma dan Pemrograman,CLO 1-SubCLO07,3,li_4419576591,"Software Engineer (Backend), Content Foundations","Scribd, Inc.",linkedin,-3.6231
Algoritma dan Pemrograman,CLO 1-SubCLO07,4,li_4419575653,"Software Engineer (Backend), Content Foundations","Scribd, Inc.",linkedin,-3.6231
Algoritma dan Pemrograman,CLO 1-SubCLO07,5,li_4419576589,"Software Engineer (Backend), Content Foundations","Scribd, Inc.",linkedin,-3.6231
Algoritma dan Pemrograman,CLO 1-SubCLO08,1,gd_1010070797503,AI Resident - Learning From Videos (LFV),Toyota Research Institute,glassdoor,-1.8025
Algoritma dan Pemrograman,CLO 1-SubCLO08,2,li_4380008807,Software Engineer II (Maritime),Torch.AI,linkedin,-1.9047
Algoritma dan Pemrograman,CLO 1-SubCLO08,3,li_4382545707,Backend Engineer,Made Card,linkedin,-3.171
Algoritma dan Pemrograman,CLO 1-SubCLO08,4,li_4419576591,"Software Engineer (Backend), Content Foundations","Scribd, Inc.",linkedin,-3.4836
Algoritma dan Pemrograman,CLO 1-SubCLO08,5,li_4419558780,"Software Engineer (Backend), Content Foundations","Scribd, Inc.",linkedin,-3.4836
Algoritma dan Pemrograman,CLO 1-SubCLO09,1,li_4415952925,Computer Programmer (On-Site),CSSI,linkedin,-6.089
Algoritma dan Pemrograman,CLO 1-SubCLO09,2,li_4419895399,Software Engineer,Kratos Defense and Security Solutions,linkedin,-6.0956
Algoritma dan Pemrograman,CLO 1-SubCLO09,3,gd_1009846201389,AI Researcher,"AGI, Inc.",glassdoor,-6.8063
Algoritma dan Pemrograman,CLO 1-SubCLO09,4,li_4434016802,Back End Developer,Cooler Master USA,linkedin,-6.8087
Algoritma dan Pemrograman,CLO 1-SubCLO09,5,gd_1010109391172,AI Tutor - Tagalog,x.ai,glassdoor,-7.1395
Algoritma dan Pemrograman,CLO 1-SubCLO10,1,li_4418681963,Product Designer,SimpliGov,linkedin,-2.8938
Algoritma dan Pemrograman,CLO 1-SubCLO10,2,li_4429955515,Product Designer,Conduct,linkedin,-3.5043
Algoritma dan Pemrograman,CLO 1-SubCLO10,3,li_4419575653,"Software Engineer (Backend), Content Foundations","Scribd, Inc.",linkedin,-3.9479
Algoritma dan Pemrograman,CLO 1-SubCLO10,4,li_4419576591,"Software Engineer (Backend), Content Foundations","Scribd, Inc.",linkedin,-3.9479
Algoritma dan Pemrograman,CLO 1-SubCLO10,5,li_4419558780,"Software Engineer (Backend), Content Foundations","Scribd, Inc.",linkedin,-3.9479
Algoritma dan Pemrograman,CLO 1-SubCLO11,1,li_4423971143,Software Engineer,Applied Intuition,linkedin,-3.1837
Algoritma dan Pemrograman,CLO 1-SubCLO11,2,li_4423961732,Software Engineer,Applied Intuition,linkedin,-3.1837
Algoritma dan Pemrograman,CLO 1-SubCLO11,3,li_4318503546,Product Designer,"AGI, Inc.",linkedin,-4.5942
Algoritma dan Pemrograman,CLO 1-SubCLO11,4,gd_1009846201389,AI Researcher,"AGI, Inc.",glassdoor,-4.5959
Algoritma dan Pemrograman,CLO 1-SubCLO11,5,li_4419576591,"Software Engineer (Backend), Content Foundations","Scribd, Inc.",linkedin,-4.7571
Algoritma dan Pemrograman,CLO 1-SubCLO12,1,li_4426990013,Algorithm Engineer,Origin AI,linkedin,-3.5366
Algoritma dan Pemrograman,CLO 1-SubCLO12,2,li_4423961732,Software Engineer,Applied Intuition,linkedin,-3.9616
Algoritma dan Pemrograman,CLO 1-SubCLO12,3,li_4423971143,Software Engineer,Applied Intuition,linkedin,-3.9616
Algoritma dan Pemrograman,CLO 1-SubCLO12,4,li_4416410580,"Backend Engineer, Agents",Hebbia,linkedin,-5.4635
Algoritma dan Pemrograman,CLO 1-SubCLO12,5,gd_1009846201389,AI Researcher,"AGI, Inc.",glassdoor,-5.5144
Algoritma dan Pemrograman,CLO 1-SubCLO13,1,li_4419568698,"Software Engineer (Backend), Content Foundations","Scribd, Inc.",linkedin,-4.5468
Algoritma dan Pemrograman,CLO 1-SubCLO13,2,li_4419575653,"Software Engineer (Backend), Content Foundations","Scribd, Inc.",linkedin,-4.5468
Algoritma dan Pemrograman,CLO 1-SubCLO13,3,li_4419576589,"Software Engineer (Backend), Content Foundations","Scribd, Inc.",linkedin,-4.5468
Algoritma dan Pemrograman,CLO 1-SubCLO13,4,li_4419576591,"Software Engineer (Backend), Content Foundations","Scribd, Inc.",linkedin,-4.5468
Algoritma dan Pemrograman,CLO 1-SubCLO13,5,li_4419558780,"Software Engineer (Backend), Content Foundations","Scribd, Inc.",linkedin,-4.5468
Algoritma dan Pemrograman,CLO 2-SubCLO01,1,li_4424279487,Algorithm Engineer,BLACKHILL POWER SYSTEM LLC,linkedin,-0.805
Algoritma dan Pemrograman,CLO 2-SubCLO01,2,gd_1010178684905,Machine Learning Algorithm Consultant,PURE DIAGNOSTICS LLC,glassdoor,-2.0683
Algoritma dan Pemrograman,CLO 2-SubCLO01,3,li_4426990013,Algorithm Engineer,Origin AI,linkedin,-2.3949
Algoritma dan Pemrograman,CLO 2-SubCLO01,4,li_4418681963,Product Designer,SimpliGov,linkedin,-3.4773
Algoritma dan Pemrograman,CLO 2-SubCLO01,5,gd_1009846201389,AI Researcher,"AGI, Inc.",glassdoor,-5.3862
Algoritma dan Pemrograman,CLO 3-SubCLO01,1,li_4423961732,Software Engineer,Applied Intuition,linkedin,-2.1165
Algoritma dan Pemrograman,CLO 3-SubCLO01,2,li_4423971143,Software Engineer,Applied Intuition,linkedin,-2.1165
Algoritma dan Pemrograman,CLO 3-SubCLO01,3,li_4426990013,Algorithm Engineer,Origin AI,linkedin,-3.2532
Algoritma dan Pemrograman,CLO 3-SubCLO01,4,li_4418681963,Product Designer,SimpliGov,linkedin,-3.7678
Algoritma dan Pemrograman,CLO 3-SubCLO01,5,li_4394312789,Applied AI Engineer,Luminai,linkedin,-4.1354
Algoritma dan Pemrograman,CLO-02,1,li_3815119724,Software,Bay Mortgage Services,linkedin,0.1877
Algoritma dan Pemrograman,CLO-02,2,li_4426669408,Software Developer,Zekiah Technologies,linkedin,-2.1888
Algoritma dan Pemrograman,CLO-02,3,li_4431330775,Software Developer,Arvin Acme Technologies Inc,linkedin,-2.311
Algoritma dan Pemrograman,CLO-02,4,li_4431506499,Software Developer,MarathonSoft LLC,linkedin,-2.7364
Algoritma dan Pemrograman,CLO-02,5,li_4434220495,Software Developer,Brilliant Infotech Inc.,linkedin,-4.2427
Algoritma dan Pemrograman,CLO-04,1,li_4435252523,Data Analyst,ShrinQ Consulting Group Inc,linkedin,-1.0599
Algoritma dan Pemrograman,CLO-04,2,li_4435815437,Data Analyst (Data Management),UNCOMN,linkedin,-1.7198
Algoritma dan Pemrograman,CLO-04,3,li_4427645315,"IT Data Analyst | SQL, Power BI & Business Intelligence","Hillyard, Inc.",linkedin,-2.0861
Algoritma dan Pemrograman,CLO-04,4,li_4419895399,Software Engineer,Kratos Defense and Security Solutions,linkedin,-2.8773
Algoritma dan Pemrograman,CLO-04,5,li_4427112925,Data Analyst,Beyond Feedback,linkedin,-3.8717
Algoritma dan Pemrograman,CLO-08,1,gd_1010181109261,Informaticist 2,CenterWell Senior Primary Care,glassdoor,-3.6004
Algoritma dan Pemrograman,CLO-08,2,li_4327166527,Computer Scientist - Mid,"Bluehawk LLC, Intelligence Services",linkedin,-3.9883
Algoritma dan Pemrograman,CLO-08,3,li_4426669408,Software Developer,Zekiah Technologies,linkedin,-6.3438
Algoritma dan Pemrograman,CLO-08,4,li_4415952925,Computer Programmer (On-Site),CSSI,linkedin,-6.5963
Algoritma dan Pemrograman,CLO-08,5,li_4434016802,Back End Developer,Cooler Master USA,linkedin,-6.6188
Analisis dan Perancangan Sistem Informasi,CLO 1,1,li_4431330775,Software Developer,Arvin Acme Technologies Inc,linkedin,-1.6537
Analisis dan Perancangan Sistem Informasi,CLO 1,2,li_4419895399,Software Engineer,Kratos Defense and Security Solutions,linkedin,-1.8517
Analisis dan Perancangan Sistem Informasi,CLO 1,3,li_4405260780,Machine Learning (ML) Engineer,Vectara,linkedin,-2.292
Analisis dan Perancangan Sistem Informasi,CLO 1,4,li_3815119724,Software,Bay Mortgage Services,linkedin,-3.1044
Analisis dan Perancangan Sistem Informasi,CLO 1,5,li_4430289828,Software Engineer II,Arcfield,linkedin,-4.0722
Analisis dan Perancangan Sistem Informasi,CLO 1-SUBCLO-01,1,gd_1010085437885,Student Researcher (Vision Foundation Model - Seed) - 2027 Start (BS/MS),"Beijing Bytedance Technology Co., Ltd",glassdoor,-4.0089
Analisis dan Perancangan Sistem Informasi,CLO 1-SUBCLO-01,2,gd_1010070797503,AI Resident - Learning From Videos (LFV),Toyota Research Institute,glassdoor,-4.2167
Analisis dan Perancangan Sistem Informasi,CLO 1-SUBCLO-01,3,li_4394940895,Product Designer,Luminai,linkedin,-4.9284
Analisis dan Perancangan Sistem Informasi,CLO 1-SUBCLO-01,4,li_4380306932,Product Designer,Luminai,linkedin,-4.9284
Analisis dan Perancangan Sistem Informasi,CLO 1-SUBCLO-01,5,gd_1009846201389,AI Researcher,"AGI, Inc.",glassdoor,-5.194
Analisis dan Perancangan Sistem Informasi,CLO 2-SUBCLO-02,1,li_3815119724,Software,Bay Mortgage Services,linkedin,-3.0639
Analisis dan Perancangan Sistem Informasi,CLO 2-SUBCLO-02,2,gd_1010085437885,Student Researcher (Vision Foundation Model - Seed) - 2027 Start (BS/MS),"Beijing Bytedance Technology Co., Ltd",glassdoor,-3.1783
Analisis dan Perancangan Sistem Informasi,CLO 2-SUBCLO-02,3,gd_1010162931103,Graduate Student Assistant - Substance and Addiction Prevention - Remote,"University Enterprises, Inc.",glassdoor,-4.3956
Analisis dan Perancangan Sistem Informasi,CLO 2-SUBCLO-02,4,gd_1010184212006,"SME Grader, AI and Software Engineering (Contract Position)",Pedago LLC,glassdoor,-4.4385
Analisis dan Perancangan Sistem Informasi,CLO 2-SUBCLO-02,5,gd_1009846201389,AI Researcher,"AGI, Inc.",glassdoor,-4.9397
Analisis dan Perancangan Sistem Informasi,CLO 3-SUBCLO-03,1,gd_1010179149389,Student Worker 3,UCLA Health System,glassdoor,-3.1962
Analisis dan Perancangan Sistem Informasi,CLO 3-SUBCLO-03,2,gd_1010160676303,Math Tutor,Lemonae,glassdoor,-3.2447
Analisis dan Perancangan Sistem Informasi,CLO 3-SUBCLO-03,3,gd_1010162931103,Graduate Student Assistant - Substance and Addiction Prevention - Remote,"University Enterprises, Inc.",glassdoor,-3.4608
Analisis dan Perancangan Sistem Informasi,CLO 3-SUBCLO-03,4,gd_1010138700401,Seasonal Customer Support Representative,Great Minds PBC,glassdoor,-4.1278
Analisis dan Perancangan Sistem Informasi,CLO 3-SUBCLO-03,5,gd_1010184212006,"SME Grader, AI and Software Engineering (Contract Position)",Pedago LLC,glassdoor,-4.1385
Analisis dan Perancangan Sistem Informasi,CLO 4-SUBCLO-04,1,gd_1010147189647,AI Math Content Creator,Texas Sports Academy,glassdoor,-1.2004
Analisis dan Perancangan Sistem Informasi,CLO 4-SUBCLO-04,2,gd_1010085437885,Student Researcher (Vision Foundation Model - Seed) - 2027 Start (BS/MS),"Beijing Bytedance Technology Co., Ltd",glassdoor,-2.1084
Analisis dan Perancangan Sistem Informasi,CLO 4-SUBCLO-04,3,gd_1010070797503,AI Resident - Learning From Videos (LFV),Toyota Research Institute,glassdoor,-2.6602
Analisis dan Perancangan Sistem Informasi,CLO 4-SUBCLO-04,4,gd_1010184212006,"SME Grader, AI and Software Engineering (Contract Position)",Pedago LLC,glassdoor,-2.7516
Analisis dan Perancangan Sistem Informasi,CLO 4-SUBCLO-04,5,gd_1010155381116,Manufacturing Specialist - Freelance AI Trainer Project,Ameridial,glassdoor,-4.129
Analisis dan Perancangan Sistem Informasi,CLO-01,1,li_3815119724,Software,Bay Mortgage Services,linkedin,-1.4596
Analisis dan Perancangan Sistem Informasi,CLO-01,2,li_4375868798,Data Analyst,Clay,linkedin,-3.6417
Analisis dan Perancangan Sistem Informasi,CLO-01,3,li_4380008807,Software Engineer II (Maritime),Torch.AI,linkedin,-4.3543
Analisis dan Perancangan Sistem Informasi,CLO-01,4,li_4338267967,"Software Engineer, Backend",Clay,linkedin,-4.5899
Analisis dan Perancangan Sistem Informasi,CLO-01,5,li_4385647711,"Software Engineer, Developer Experience (AI)",Clay,linkedin,-4.6574
Analisis dan Perancangan Sistem Informasi,CLO-02,1,gd_1010186624181,Shift Lead,Kooth PLC,glassdoor,-5.7571
Analisis dan Perancangan Sistem Informasi,CLO-02,2,li_4338267967,"Software Engineer, Backend",Clay,linkedin,-5.7575
Analisis dan Perancangan Sistem Informasi,CLO-02,3,li_4339359236,"Software Engineer, Backend",Clay,linkedin,-5.7575
Analisis dan Perancangan Sistem Informasi,CLO-02,4,li_4323760824,"Software Engineer, Backend",Clay,linkedin,-5.7807
Analisis dan Perancangan Sistem Informasi,CLO-02,5,li_4324030480,"Software Engineer, Full Stack",Clay,linkedin,-5.7962
Analisis dan Perancangan Sistem Informasi,CLO-03,1,li_3815119724,Software,Bay Mortgage Services,linkedin,-3.3462
Analisis dan Perancangan Sistem Informasi,CLO-03,2,li_4406796300,Software Engineer,Anicca Data Science Solutions,linkedin,-4.8613
Analisis dan Perancangan Sistem Informasi,CLO-03,3,li_4338267967,"Software Engineer, Backend",Clay,linkedin,-5.358
Analisis dan Perancangan Sistem Informasi,CLO-03,4,li_4339359236,"Software Engineer, Backend",Clay,linkedin,-5.358
Analisis dan Perancangan Sistem Informasi,CLO-03,5,li_4385647711,"Software Engineer, Developer Experience (AI)",Clay,linkedin,-5.4739
Analisis dan Perancangan Sistem Informasi,CLO-04,1,li_3815119724,Software,Bay Mortgage Services,linkedin,-4.0828
Analisis dan Perancangan Sistem Informasi,CLO-04,2,li_4431796477,Full Stack Developer,GliaCell Technologies,linkedin,-4.332
Analisis dan Perancangan Sistem Informasi,CLO-04,3,li_4363726700,Software Engineer,Oso,linkedin,-5.1193
Analisis dan Perancangan Sistem Informasi,CLO-04,4,li_4339359236,"Software Engineer, Backend",Clay,linkedin,-5.1482
Analisis dan Perancangan Sistem Informasi,CLO-04,5,li_4338267967,"Software Engineer, Backend",Clay,linkedin,-5.1482
Arsitektur Enterprise,CLO 1-SubCLO01,1,li_4427749735,"Analyst, Enterprise Data",McLeod Software,linkedin,1.7297
Arsitektur Enterprise,CLO 1-SubCLO01,2,li_4418860602,Business Analyst,Tata Consultancy Services,linkedin,1.2972
Arsitektur Enterprise,CLO 1-SubCLO01,3,li_4415682876,Business Analyst,Tata Consultancy Services,linkedin,1.2972
Arsitektur Enterprise,CLO 1-SubCLO01,4,li_4436152639,"Enterprise Data & Analytics Analyst, Platform Engineering",First Hawaiian Bank,linkedin,-0.465
Arsitektur Enterprise,CLO 1-SubCLO01,5,li_3815119724,Software,Bay Mortgage Services,linkedin,-0.6779
Arsitektur Enterprise,CLO 2-SubCLO02,1,li_4417234418,Software Engineer,"Koch Ag & Energy Solutions, LLC",linkedin,0.7682
Arsitektur Enterprise,CLO 2-SubCLO02,2,li_4411775754,Analytics Engineer,Koch,linkedin,-1.4534
Arsitektur Enterprise,CLO 2-SubCLO02,3,li_4363726700,Software Engineer,Oso,linkedin,-2.5995
Arsitektur Enterprise,CLO 2-SubCLO02,4,li_4318518203,Applied AI Engineer,Zania,linkedin,-2.6205
Arsitektur Enterprise,CLO 2-SubCLO02,5,li_4325154188,Software Engineer (Remote),Keye (YC F24),linkedin,-3.6432
Arsitektur Enterprise,CLO 3-SubCLO03,1,li_4405260780,Machine Learning (ML) Engineer,Vectara,linkedin,-2.1074
Arsitektur Enterprise,CLO 3-SubCLO03,2,li_4412928692,Software Engineer 2,"Burke Porter, an Ascential Technologies Brand",linkedin,-3.3449
Arsitektur Enterprise,CLO 3-SubCLO03,3,li_4325154188,Software Engineer (Remote),Keye (YC F24),linkedin,-4.2024
Arsitektur Enterprise,CLO 3-SubCLO03,4,li_4432900614,Software Engineer,Millennium Software Inc,linkedin,-5.0102
Arsitektur Enterprise,CLO 3-SubCLO03,5,li_4427730735,UI Frontend Developer,Unissant,linkedin,-5.2041
Arsitektur Enterprise,CLO 3-SubCLO03,1,li_4405260780,Machine Learning (ML) Engineer,Vectara,linkedin,-2.1399
Arsitektur Enterprise,CLO 3-SubCLO03,2,li_4412928692,Software Engineer 2,"Burke Porter, an Ascential Technologies Brand",linkedin,-3.3263
Arsitektur Enterprise,CLO 3-SubCLO03,3,li_4325154188,Software Engineer (Remote),Keye (YC F24),linkedin,-4.3163
Arsitektur Enterprise,CLO 3-SubCLO03,4,gd_1009846201389,AI Researcher,"AGI, Inc.",glassdoor,-4.7041
Arsitektur Enterprise,CLO 3-SubCLO03,5,li_4432900614,Software Engineer,Millennium Software Inc,linkedin,-4.9346
Arsitektur Enterprise,CLO 3-SubCLO04,1,li_4405260780,Machine Learning (ML) Engineer,Vectara,linkedin,-0.2201
Arsitektur Enterprise,CLO 3-SubCLO04,2,li_4419895399,Software Engineer,Kratos Defense and Security Solutions,linkedin,-2.2384
Arsitektur Enterprise,CLO 3-SubCLO04,3,li_4428474361,Product Designer,Quantifind,linkedin,-2.2582
Arsitektur Enterprise,CLO 3-SubCLO04,4,li_3815119724,Software,Bay Mortgage Services,linkedin,-2.3891
Arsitektur Enterprise,CLO 3-SubCLO04,5,li_4412928692,Software Engineer 2,"Burke Porter, an Ascential Technologies Brand",linkedin,-3.2644
Arsitektur Enterprise,CLO-05,1,li_4405260780,Machine Learning (ML) Engineer,Vectara,linkedin,-1.5286
Arsitektur Enterprise,CLO-05,2,li_4380008807,Software Engineer II (Maritime),Torch.AI,linkedin,-2.4282
Arsitektur Enterprise,CLO-05,3,gd_1009846201389,AI Researcher,"AGI, Inc.",glassdoor,-2.8559
Arsitektur Enterprise,CLO-05,4,li_4431574304,"(USA) Senior, Software Engineer",Walmart,linkedin,-4.2696
Arsitektur Enterprise,CLO-05,5,li_3815119724,Software,Bay Mortgage Services,linkedin,-4.6169
Arsitektur Enterprise,CLO-05,1,li_4405260780,Machine Learning (ML) Engineer,Vectara,linkedin,-0.7611
Arsitektur Enterprise,CLO-05,2,li_3815119724,Software,Bay Mortgage Services,linkedin,-2.6719
Arsitektur Enterprise,CLO-05,3,li_4428057087,Software Engineer | API,DeepL,linkedin,-3.3649
Arsitektur Enterprise,CLO-05,4,li_4405158984,Dаtа Sсіеntіѕt (Remote),Progressive Leasing,linkedin,-4.0781
Arsitektur Enterprise,CLO-05,5,li_4415704910,Full-Stack Software Engineer,GovWell,linkedin,-4.1459
Arsitektur Enterprise,CLO-06,1,li_3815119724,Software,Bay Mortgage Services,linkedin,-1.5255
Arsitektur Enterprise,CLO-06,2,li_4434016802,Back End Developer,Cooler Master USA,linkedin,-4.3101
Arsitektur Enterprise,CLO-06,3,li_4380008807,Software Engineer II (Maritime),Torch.AI,linkedin,-4.5713
Arsitektur Enterprise,CLO-06,4,li_4363726700,Software Engineer,Oso,linkedin,-4.8379
Arsitektur Enterprise,CLO-06,5,li_4406796300,Software Engineer,Anicca Data Science Solutions,linkedin,-4.8871
Data Warehouse dan Business Intelligence,CLO-01,1,li_3815119724,Software,Bay Mortgage Services,linkedin,-0.9257
Data Warehouse dan Business Intelligence,CLO-01,2,li_4409712930,Data Analyst,WENCOR,linkedin,-2.3618
Data Warehouse dan Business Intelligence,CLO-01,3,li_4410777669,Data Analyst,HEICO,linkedin,-2.3618
Data Warehouse dan Business Intelligence,CLO-01,4,li_4431449969,Data Analyst,Equifax,linkedin,-2.3874
Data Warehouse dan Business Intelligence,CLO-01,5,li_4426669408,Software Developer,Zekiah Technologies,linkedin,-2.4575
Data Warehouse dan Business Intelligence,CLO-01,1,li_4404995783,"Data Scientist, New Grad",SentiLink,linkedin,-1.8585
Data Warehouse dan Business Intelligence,CLO-01,2,li_3815119724,Software,Bay Mortgage Services,linkedin,-3.0053
Data Warehouse dan Business Intelligence,CLO-01,3,li_4435439591,Data Analyst,DBD International,linkedin,-4.7779
Data Warehouse dan Business Intelligence,CLO-01,4,li_4431128682,UI Designer,Collate,linkedin,-5.012
Data Warehouse dan Business Intelligence,CLO-01,5,li_4435252523,Data Analyst,ShrinQ Consulting Group Inc,linkedin,-5.678
Data Warehouse dan Business Intelligence,CLO-02,1,li_3815119724,Software,Bay Mortgage Services,linkedin,0.1877
Data Warehouse dan Business Intelligence,CLO-02,2,li_4426669408,Software Developer,Zekiah Technologies,linkedin,-2.1888
Data Warehouse dan Business Intelligence,CLO-02,3,li_4431330775,Software Developer,Arvin Acme Technologies Inc,linkedin,-2.311
Data Warehouse dan Business Intelligence,CLO-02,4,li_4431506499,Software Developer,MarathonSoft LLC,linkedin,-2.7364
Data Warehouse dan Business Intelligence,CLO-02,5,li_4434220495,Software Developer,Brilliant Infotech Inc.,linkedin,-4.2427
Data Warehouse dan Business Intelligence,CLO-05,1,li_4405260780,Machine Learning (ML) Engineer,Vectara,linkedin,-1.5286
Data Warehouse dan Business Intelligence,CLO-05,2,li_4380008807,Software Engineer II (Maritime),Torch.AI,linkedin,-2.4282
Data Warehouse dan Business Intelligence,CLO-05,3,gd_1009846201389,AI Researcher,"AGI, Inc.",glassdoor,-2.8559
Data Warehouse dan Business Intelligence,CLO-05,4,li_4431574304,"(USA) Senior, Software Engineer",Walmart,linkedin,-4.2696
Data Warehouse dan Business Intelligence,CLO-05,5,li_3815119724,Software,Bay Mortgage Services,linkedin,-4.6169
Data Warehouse dan Business Intelligence,CLO-08,1,gd_1010181109261,Informaticist 2,CenterWell Senior Primary Care,glassdoor,-3.6004
Data Warehouse dan Business Intelligence,CLO-08,2,li_4327166527,Computer Scientist - Mid,"Bluehawk LLC, Intelligence Services",linkedin,-3.9883
Data Warehouse dan Business Intelligence,CLO-08,3,li_4426669408,Software Developer,Zekiah Technologies,linkedin,-6.3438
Data Warehouse dan Business Intelligence,CLO-08,4,li_4415952925,Computer Programmer (On-Site),CSSI,linkedin,-6.5963
Data Warehouse dan Business Intelligence,CLO-08,5,li_4434016802,Back End Developer,Cooler Master USA,linkedin,-6.6188
Integrasi Aplikasi Enterprise,CLO 1-01,1,li_4411864449,ES Application Developer II,University of Houston,linkedin,0.5297
Integrasi Aplikasi Enterprise,CLO 1-01,2,li_4414933290,Application Developer II,Aqua,linkedin,-2.042
Integrasi Aplikasi Enterprise,CLO 1-01,3,li_4405260780,Machine Learning (ML) Engineer,Vectara,linkedin,-3.3939
Integrasi Aplikasi Enterprise,CLO 1-01,4,li_4434073696,Software Engineer,C1,linkedin,-3.4843
Integrasi Aplikasi Enterprise,CLO 1-01,5,li_4434088291,Software Engineer,C1,linkedin,-3.4843
Integrasi Aplikasi Enterprise,CLO 2-02,1,li_4405260780,Machine Learning (ML) Engineer,Vectara,linkedin,-0.9373
Integrasi Aplikasi Enterprise,CLO 2-02,2,li_4410227455,Platform Engineer,Sea12,linkedin,-2.5221
Integrasi Aplikasi Enterprise,CLO 2-02,3,li_4403636853,Software Engineer,Autoliv,linkedin,-3.3259
Integrasi Aplikasi Enterprise,CLO 2-02,4,li_4431574304,"(USA) Senior, Software Engineer",Walmart,linkedin,-3.4662
Integrasi Aplikasi Enterprise,CLO 2-02,5,li_4434073696,Software Engineer,C1,linkedin,-3.868
Integrasi Aplikasi Enterprise,CLO 2-03,1,li_4417234418,Software Engineer,"Koch Ag & Energy Solutions, LLC",linkedin,2.8563
Integrasi Aplikasi Enterprise,CLO 2-03,2,li_4411864449,ES Application Developer II,University of Houston,linkedin,-1.7872
Integrasi Aplikasi Enterprise,CLO 2-03,3,li_4405260780,Machine Learning (ML) Engineer,Vectara,linkedin,-1.971
Integrasi Aplikasi Enterprise,CLO 2-03,4,li_4372153003,Applied ML Engineer,Kognitos,linkedin,-2.9169
Integrasi Aplikasi Enterprise,CLO 2-03,5,li_4426390973,Application Developer II,Cass Information Systems,linkedin,-3.9366
Integrasi Aplikasi Enterprise,CLO-03,1,li_3815119724,Software,Bay Mortgage Services,linkedin,-3.7757
Integrasi Aplikasi Enterprise,CLO-03,2,li_4258382945,"Software Engineer, Backend",Glean,linkedin,-4.8688
Integrasi Aplikasi Enterprise,CLO-03,3,li_4406796300,Software Engineer,Anicca Data Science Solutions,linkedin,-5.4744
Integrasi Aplikasi Enterprise,CLO-03,4,li_4339359236,"Software Engineer, Backend",Clay,linkedin,-5.7159
Integrasi Aplikasi Enterprise,CLO-03,5,li_4338267967,"Software Engineer, Backend",Clay,linkedin,-5.7159
Integrasi Aplikasi Enterprise,CLO-03,1,gd_1010178865002,"Research Assistant I - Audibility, Perception and Cognition Laboratory",Boys Town National Research Hospital,glassdoor,-3.2921
Integrasi Aplikasi Enterprise,CLO-03,2,li_3815119724,Software,Bay Mortgage Services,linkedin,-4.3093
Integrasi Aplikasi Enterprise,CLO-03,3,li_4339359236,"Software Engineer, Backend",Clay,linkedin,-4.8488
Integrasi Aplikasi Enterprise,CLO-03,4,li_4338267967,"Software Engineer, Backend",Clay,linkedin,-4.8488
Integrasi Aplikasi Enterprise,CLO-03,5,li_4399451605,"Software Engineer, Full Stack",Clay,linkedin,-4.9012
Jaringan Komputer,CLO 1-SubCLO01,1,gd_1009846201389,AI Researcher,"AGI, Inc.",glassdoor,-2.1497
Jaringan Komputer,CLO 1-SubCLO01,2,li_4419558780,"Software Engineer (Backend), Content Foundations","Scribd, Inc.",linkedin,-3.5359
Jaringan Komputer,CLO 1-SubCLO01,3,li_4419576589,"Software Engineer (Backend), Content Foundations","Scribd, Inc.",linkedin,-3.5359
Jaringan Komputer,CLO 1-SubCLO01,4,li_4419568698,"Software Engineer (Backend), Content Foundations","Scribd, Inc.",linkedin,-3.5359
Jaringan Komputer,CLO 1-SubCLO01,5,li_4419576591,"Software Engineer (Backend), Content Foundations","Scribd, Inc.",linkedin,-3.5359
Jaringan Komputer,CLO 2-SubCLO02,1,li_4403509120,Software Engineer,KIHOMAC,linkedin,0.3338
Jaringan Komputer,CLO 2-SubCLO02,2,li_4380008807,Software Engineer II (Maritime),Torch.AI,linkedin,-1.5263
Jaringan Komputer,CLO 2-SubCLO02,3,li_4400300098,Computer Programmer,Guidehouse,linkedin,-1.8668
Jaringan Komputer,CLO 2-SubCLO02,4,li_4415952925,Computer Programmer (On-Site),CSSI,linkedin,-2.3865
Jaringan Komputer,CLO 2-SubCLO02,5,li_4363726700,Software Engineer,Oso,linkedin,-2.4421
Jaringan Komputer,CLO 3-SubCLO03,1,li_4416261558,Software Engineer (Backend),Lorum,linkedin,-2.3982
Jaringan Komputer,CLO 3-SubCLO03,2,li_4432900614,Software Engineer,Millennium Software Inc,linkedin,-2.5646
Jaringan Komputer,CLO 3-SubCLO03,3,li_4380008807,Software Engineer II (Maritime),Torch.AI,linkedin,-2.728
Jaringan Komputer,CLO 3-SubCLO03,4,li_3815119724,Software,Bay Mortgage Services,linkedin,-3.2743
Jaringan Komputer,CLO 3-SubCLO03,5,gd_1009846201389,AI Researcher,"AGI, Inc.",glassdoor,-3.3399
Jaringan Komputer,CLO-02,1,li_4300074337,"Software Engineer, Infrastructure",Doppel,linkedin,-0.7986
Jaringan Komputer,CLO-02,2,li_4428695922,"Software Engineer, Infrastructure",Aaru,linkedin,-0.8471
Jaringan Komputer,CLO-02,3,li_4411850674,Software Engineer - Backend (Cleared),Swoop Technologies,linkedin,-1.7023
Jaringan Komputer,CLO-02,4,li_3815119724,Software,Bay Mortgage Services,linkedin,-2.2268
Jaringan Komputer,CLO-02,5,li_4363726700,Software Engineer,Oso,linkedin,-3.6745
Jaringan Komputer,CLO-08,1,gd_1010181109261,Informaticist 2,CenterWell Senior Primary Care,glassdoor,-3.6004
Jaringan Komputer,CLO-08,2,li_4327166527,Computer Scientist - Mid,"Bluehawk LLC, Intelligence Services",linkedin,-3.9883
Jaringan Komputer,CLO-08,3,li_4426669408,Software Developer,Zekiah Technologies,linkedin,-6.3438
Jaringan Komputer,CLO-08,4,li_4415952925,Computer Programmer (On-Site),CSSI,linkedin,-6.5963
Jaringan Komputer,CLO-08,5,li_4434016802,Back End Developer,Cooler Master USA,linkedin,-6.6188
Jaringan Komputer,CLO-09,1,li_4435815437,Data Analyst (Data Management),UNCOMN,linkedin,-4.0893
Jaringan Komputer,CLO-09,2,li_4327166527,Computer Scientist - Mid,"Bluehawk LLC, Intelligence Services",linkedin,-4.6604
Jaringan Komputer,CLO-09,3,li_4435252523,Data Analyst,ShrinQ Consulting Group Inc,linkedin,-5.0064
Jaringan Komputer,CLO-09,4,gd_1009846201389,AI Researcher,"AGI, Inc.",glassdoor,-5.6116
Jaringan Komputer,CLO-09,5,li_4409712930,Data Analyst,WENCOR,linkedin,-6.0294
Keamanan Sistem Informasi,CLO 1,1,li_3815119724,Software,Bay Mortgage Services,linkedin,-1.1912
Keamanan Sistem Informasi,CLO 1,2,li_4426669408,Software Developer,Zekiah Technologies,linkedin,-3.0934
Keamanan Sistem Informasi,CLO 1,3,li_4430289828,Software Engineer II,Arcfield,linkedin,-3.1605
Keamanan Sistem Informasi,CLO 1,4,li_4406796300,Software Engineer,Anicca Data Science Solutions,linkedin,-4.4036
Keamanan Sistem Informasi,CLO 1,5,li_4403636853,Software Engineer,Autoliv,linkedin,-4.6327
Keamanan Sistem Informasi,CLO 2,1,li_3815119724,Software,Bay Mortgage Services,linkedin,-1.7921
Keamanan Sistem Informasi,CLO 2,2,li_4419895399,Software Engineer,Kratos Defense and Security Solutions,linkedin,-2.2887
Keamanan Sistem Informasi,CLO 2,3,li_4426669408,Software Developer,Zekiah Technologies,linkedin,-3.9382
Keamanan Sistem Informasi,CLO 2,4,li_4426390973,Application Developer II,Cass Information Systems,linkedin,-4.201
Keamanan Sistem Informasi,CLO 2,5,li_4406796300,Software Engineer,Anicca Data Science Solutions,linkedin,-4.6746
Keamanan Sistem Informasi,CLO-01,1,li_4404995783,"Data Scientist, New Grad",SentiLink,linkedin,-1.8585
Keamanan Sistem Informasi,CLO-01,2,li_3815119724,Software,Bay Mortgage Services,linkedin,-3.0053
Keamanan Sistem Informasi,CLO-01,3,li_4435439591,Data Analyst,DBD International,linkedin,-4.7779
Keamanan Sistem Informasi,CLO-01,4,li_4431128682,UI Designer,Collate,linkedin,-5.012
Keamanan Sistem Informasi,CLO-01,5,li_4435252523,Data Analyst,ShrinQ Consulting Group Inc,linkedin,-5.678
Keamanan Sistem Informasi,CLO-02,1,li_4300074337,"Software Engineer, Infrastructure",Doppel,linkedin,-0.7986
Keamanan Sistem Informasi,CLO-02,2,li_4428695922,"Software Engineer, Infrastructure",Aaru,linkedin,-0.8471
Keamanan Sistem Informasi,CLO-02,3,li_4411850674,Software Engineer - Backend (Cleared),Swoop Technologies,linkedin,-1.7023
Keamanan Sistem Informasi,CLO-02,4,li_3815119724,Software,Bay Mortgage Services,linkedin,-2.2268
Keamanan Sistem Informasi,CLO-02,5,li_4363726700,Software Engineer,Oso,linkedin,-3.6745
Keamanan Sistem Informasi,CLO-03,1,li_4431330775,Software Developer,Arvin Acme Technologies Inc,linkedin,-1.6537
Keamanan Sistem Informasi,CLO-03,2,li_4419895399,Software Engineer,Kratos Defense and Security Solutions,linkedin,-1.8517
Keamanan Sistem Informasi,CLO-03,3,li_4405260780,Machine Learning (ML) Engineer,Vectara,linkedin,-2.292
Keamanan Sistem Informasi,CLO-03,4,li_3815119724,Software,Bay Mortgage Services,linkedin,-3.1044
Keamanan Sistem Informasi,CLO-03,5,li_4430289828,Software Engineer II,Arcfield,linkedin,-4.0722
Keamanan Sistem Informasi,CLO-08,1,gd_1010181109261,Informaticist 2,CenterWell Senior Primary Care,glassdoor,-3.6004
Keamanan Sistem Informasi,CLO-08,2,li_4327166527,Computer Scientist - Mid,"Bluehawk LLC, Intelligence Services",linkedin,-3.9883
Keamanan Sistem Informasi,CLO-08,3,li_4426669408,Software Developer,Zekiah Technologies,linkedin,-6.3438
Keamanan Sistem Informasi,CLO-08,4,li_4415952925,Computer Programmer (On-Site),CSSI,linkedin,-6.5963
Keamanan Sistem Informasi,CLO-08,5,li_4434016802,Back End Developer,Cooler Master USA,linkedin,-6.6188
Manajemen Proyek Sistem Informasi,CLO 1,1,gd_1010186624181,Shift Lead,Kooth PLC,glassdoor,-3.9368
Manajemen Proyek Sistem Informasi,CLO 1,2,li_4411637470,"Software Engineer, Trust",Notion,linkedin,-3.9797
Manajemen Proyek Sistem Informasi,CLO 1,3,li_4411650169,"Software Engineer, Trust",Notion,linkedin,-3.9797
Manajemen Proyek Sistem Informasi,CLO 1,4,gd_1009846201389,AI Researcher,"AGI, Inc.",glassdoor,-4.2037
Manajemen Proyek Sistem Informasi,CLO 1,5,li_3907138810,Full-stack Engineer,Speak,linkedin,-4.4776
Manajemen Proyek Sistem Informasi,CLO 2,1,gd_1010170333154,Writing Services Specialist,The Art of Education University,glassdoor,-3.3613
Manajemen Proyek Sistem Informasi,CLO 2,2,li_4419568698,"Software Engineer (Backend), Content Foundations","Scribd, Inc.",linkedin,-3.5866
Manajemen Proyek Sistem Informasi,CLO 2,3,li_4419575653,"Software Engineer (Backend), Content Foundations","Scribd, Inc.",linkedin,-3.5866
Manajemen Proyek Sistem Informasi,CLO 2,4,li_4419576591,"Software Engineer (Backend), Content Foundations","Scribd, Inc.",linkedin,-3.5866
Manajemen Proyek Sistem Informasi,CLO 2,5,li_4419558780,"Software Engineer (Backend), Content Foundations","Scribd, Inc.",linkedin,-3.5866
Manajemen Proyek Sistem Informasi,CLO 3,1,li_3815119724,Software,Bay Mortgage Services,linkedin,-2.2019
Manajemen Proyek Sistem Informasi,CLO 3,2,gd_1010178865002,"Research Assistant I - Audibility, Perception and Cognition Laboratory",Boys Town National Research Hospital,glassdoor,-2.3649
Manajemen Proyek Sistem Informasi,CLO 3,3,li_4380008807,Software Engineer II (Maritime),Torch.AI,linkedin,-2.4659
Manajemen Proyek Sistem Informasi,CLO 3,4,li_4432488212,Machine Learning Engineer,Harrison Clarke,linkedin,-2.9668
Manajemen Proyek Sistem Informasi,CLO 3,5,li_4426669408,Software Developer,Zekiah Technologies,linkedin,-3.6115
Manajemen Proyek Sistem Informasi,CLO 4,1,li_3815119724,Software,Bay Mortgage Services,linkedin,-4.7654
Manajemen Proyek Sistem Informasi,CLO 4,2,li_4403526264,"Software Engineer, Machine Learning (Systems)",Sweep360,linkedin,-5.4948
Manajemen Proyek Sistem Informasi,CLO 4,3,gd_1009846201389,AI Researcher,"AGI, Inc.",glassdoor,-5.5456
Manajemen Proyek Sistem Informasi,CLO 4,4,li_4412928692,Software Engineer 2,"Burke Porter, an Ascential Technologies Brand",linkedin,-6.3977
Manajemen Proyek Sistem Informasi,CLO 4,5,li_4363726700,Software Engineer,Oso,linkedin,-6.5108
Manajemen Proyek Sistem Informasi,CLO 5,1,li_4403509120,Software Engineer,KIHOMAC,linkedin,-4.0047
Manajemen Proyek Sistem Informasi,CLO 5,2,li_3815119724,Software,Bay Mortgage Services,linkedin,-5.1468
Manajemen Proyek Sistem Informasi,CLO 5,3,gd_1009819048256,Research Associate,University of Southern California,glassdoor,-5.8964
Manajemen Proyek Sistem Informasi,CLO 5,4,li_4406796300,Software Engineer,Anicca Data Science Solutions,linkedin,-6.3535
Manajemen Proyek Sistem Informasi,CLO 5,5,li_4363726700,Software Engineer,Oso,linkedin,-6.442
Manajemen Proyek Sistem Informasi,CLO-01,1,gd_1010186624181,Shift Lead,Kooth PLC,glassdoor,-3.9368
Manajemen Proyek Sistem Informasi,CLO-01,2,li_4411637470,"Software Engineer, Trust",Notion,linkedin,-3.9797
Manajemen Proyek Sistem Informasi,CLO-01,3,li_4411650169,"Software Engineer, Trust",Notion,linkedin,-3.9797
Manajemen Proyek Sistem Informasi,CLO-01,4,gd_1009846201389,AI Researcher,"AGI, Inc.",glassdoor,-4.2037
Manajemen Proyek Sistem Informasi,CLO-01,5,li_3907138810,Full-stack Engineer,Speak,linkedin,-4.4776
Manajemen Proyek Sistem Informasi,CLO-01,1,li_3815119724,Software,Bay Mortgage Services,linkedin,-4.7654
Manajemen Proyek Sistem Informasi,CLO-01,2,li_4403526264,"Software Engineer, Machine Learning (Systems)",Sweep360,linkedin,-5.4948
Manajemen Proyek Sistem Informasi,CLO-01,3,gd_1009846201389,AI Researcher,"AGI, Inc.",glassdoor,-5.5456
Manajemen Proyek Sistem Informasi,CLO-01,4,li_4412928692,Software Engineer 2,"Burke Porter, an Ascential Technologies Brand",linkedin,-6.3977
Manajemen Proyek Sistem Informasi,CLO-01,5,li_4363726700,Software Engineer,Oso,linkedin,-6.5108
Manajemen Proyek Sistem Informasi,CLO-02,1,li_4419558780,"Software Engineer (Backend), Content Foundations","Scribd, Inc.",linkedin,-3.7802
Manajemen Proyek Sistem Informasi,CLO-02,2,li_4419575653,"Software Engineer (Backend), Content Foundations","Scribd, Inc.",linkedin,-3.7802
Manajemen Proyek Sistem Informasi,CLO-02,3,li_4419576591,"Software Engineer (Backend), Content Foundations","Scribd, Inc.",linkedin,-3.7802
Manajemen Proyek Sistem Informasi,CLO-02,4,li_4419576589,"Software Engineer (Backend), Content Foundations","Scribd, Inc.",linkedin,-3.7802
Manajemen Proyek Sistem Informasi,CLO-02,5,gd_1010170333154,Writing Services Specialist,The Art of Education University,glassdoor,-4.0578
Manajemen Proyek Sistem Informasi,CLO-03,1,li_3815119724,Software,Bay Mortgage Services,linkedin,-2.2019
Manajemen Proyek Sistem Informasi,CLO-03,2,gd_1010178865002,"Research Assistant I - Audibility, Perception and Cognition Laboratory",Boys Town National Research Hospital,glassdoor,-2.3649
Manajemen Proyek Sistem Informasi,CLO-03,3,li_4380008807,Software Engineer II (Maritime),Torch.AI,linkedin,-2.4659
Manajemen Proyek Sistem Informasi,CLO-03,4,li_4432488212,Machine Learning Engineer,Harrison Clarke,linkedin,-2.9668
Manajemen Proyek Sistem Informasi,CLO-03,5,li_4426669408,Software Developer,Zekiah Technologies,linkedin,-3.6115
Manajemen Proyek Sistem Informasi,CLO-03,1,li_4403509120,Software Engineer,KIHOMAC,linkedin,-4.0047
Manajemen Proyek Sistem Informasi,CLO-03,2,li_3815119724,Software,Bay Mortgage Services,linkedin,-5.1468
Manajemen Proyek Sistem Informasi,CLO-03,3,gd_1009819048256,Research Associate,University of Southern California,glassdoor,-5.8964
Manajemen Proyek Sistem Informasi,CLO-03,4,li_4406796300,Software Engineer,Anicca Data Science Solutions,linkedin,-6.3535
Manajemen Proyek Sistem Informasi,CLO-03,5,li_4363726700,Software Engineer,Oso,linkedin,-6.442
Pemodelan Proses Bisnis,CLO 1-1.1.,1,li_3907138810,Full-stack Engineer,Speak,linkedin,-3.7851
Pemodelan Proses Bisnis,CLO 1-1.1.,2,li_4434016802,Back End Developer,Cooler Master USA,linkedin,-3.7866
Pemodelan Proses Bisnis,CLO 1-1.1.,3,gd_1010109391172,AI Tutor - Tagalog,x.ai,glassdoor,-3.9796
Pemodelan Proses Bisnis,CLO 1-1.1.,4,li_4428057087,Software Engineer | API,DeepL,linkedin,-4.6394
Pemodelan Proses Bisnis,CLO 1-1.1.,5,li_4402500132,Full Stack Engineer,Storytime,linkedin,-5.3604
Pemodelan Proses Bisnis,CLO 1-1.2.,1,gd_1010109391172,AI Tutor - Tagalog,x.ai,glassdoor,-5.0896
Pemodelan Proses Bisnis,CLO 1-1.2.,2,li_3907138810,Full-stack Engineer,Speak,linkedin,-5.8059
Pemodelan Proses Bisnis,CLO 1-1.2.,3,li_4424958127,Product Designer,Plot,linkedin,-6.1824
Pemodelan Proses Bisnis,CLO 1-1.2.,4,li_4427112925,Data Analyst,Beyond Feedback,linkedin,-6.6079
Pemodelan Proses Bisnis,CLO 1-1.2.,5,li_4394270475,Product Designer,Remi,linkedin,-6.635
Pemodelan Proses Bisnis,CLO 2-2.1.,1,gd_1010011121137,Researcher (Contract),Civitech,glassdoor,-3.779
Pemodelan Proses Bisnis,CLO 2-2.1.,2,li_4286968047,Software Engineer - All Levels,GlossGenius,linkedin,-4.4366
Pemodelan Proses Bisnis,CLO 2-2.1.,3,li_4286961888,Software Engineer - All Levels,GlossGenius,linkedin,-4.448
Pemodelan Proses Bisnis,CLO 2-2.1.,4,li_4405158984,Dаtа Sсіеntіѕt (Remote),Progressive Leasing,linkedin,-4.6351
Pemodelan Proses Bisnis,CLO 2-2.1.,5,li_4318518203,Applied AI Engineer,Zania,linkedin,-5.0299
Pemodelan Proses Bisnis,CLO 4-4.1.,1,li_4432488212,Machine Learning Engineer,Harrison Clarke,linkedin,-0.7409
Pemodelan Proses Bisnis,CLO 4-4.1.,2,li_4346417366,Machine Learning Engineer,Happy Elements,linkedin,-1.8303
Pemodelan Proses Bisnis,CLO 4-4.1.,3,gd_1009846201389,AI Researcher,"AGI, Inc.",glassdoor,-3.2218
Pemodelan Proses Bisnis,CLO 4-4.1.,4,li_4428828247,Machine Learning Engineer,Envision Recruitment,linkedin,-4.1461
Pemodelan Proses Bisnis,CLO 4-4.1.,5,li_4318503546,Product Designer,"AGI, Inc.",linkedin,-4.3983
Pemodelan Proses Bisnis,CLO 5-5.1.,1,li_4417234418,Software Engineer,"Koch Ag & Energy Solutions, LLC",linkedin,2.496
Pemodelan Proses Bisnis,CLO 5-5.1.,2,li_4424958127,Product Designer,Plot,linkedin,-2.594
Pemodelan Proses Bisnis,CLO 5-5.1.,3,li_4429955515,Product Designer,Conduct,linkedin,-2.7306
Pemodelan Proses Bisnis,CLO 5-5.1.,4,li_4318503546,Product Designer,"AGI, Inc.",linkedin,-3.4573
Pemodelan Proses Bisnis,CLO 5-5.1.,5,li_4431128682,UI Designer,Collate,linkedin,-3.5307
Pemodelan Proses Bisnis,CLO-01,1,li_4428057087,Software Engineer | API,DeepL,linkedin,-4.0096
Pemodelan Proses Bisnis,CLO-01,2,li_4424958127,Product Designer,Plot,linkedin,-4.4453
Pemodelan Proses Bisnis,CLO-01,3,li_3907138810,Full-stack Engineer,Speak,linkedin,-4.6855
Pemodelan Proses Bisnis,CLO-01,4,li_4405158984,Dаtа Sсіеntіѕt (Remote),Progressive Leasing,linkedin,-4.8449
Pemodelan Proses Bisnis,CLO-01,5,gd_1010109391172,AI Tutor - Tagalog,x.ai,glassdoor,-4.9024
Pemodelan Proses Bisnis,CLO-02,1,li_4424741876,Data Analyst,Yulista Holding LLC,linkedin,2.6966
Pemodelan Proses Bisnis,CLO-02,2,li_4375997156,Data Analyst,Chubb,linkedin,0.6596
Pemodelan Proses Bisnis,CLO-02,3,li_4428505624,Business Systems Analyst,CACI International Inc,linkedin,0.2182
Pemodelan Proses Bisnis,CLO-02,4,li_4418860602,Business Analyst,Tata Consultancy Services,linkedin,0.1107
Pemodelan Proses Bisnis,CLO-02,5,li_4415682876,Business Analyst,Tata Consultancy Services,linkedin,0.1107
Pemodelan Proses Bisnis,CLO-04,1,li_3815119724,Software,Bay Mortgage Services,linkedin,-2.1128
Pemodelan Proses Bisnis,CLO-04,2,li_4380008807,Software Engineer II (Maritime),Torch.AI,linkedin,-2.4269
Pemodelan Proses Bisnis,CLO-04,3,li_4418681963,Product Designer,SimpliGov,linkedin,-2.5746
Pemodelan Proses Bisnis,CLO-04,4,gd_1009846201389,AI Researcher,"AGI, Inc.",glassdoor,-4.2524
Pemodelan Proses Bisnis,CLO-04,5,li_4403509120,Software Engineer,KIHOMAC,linkedin,-4.507
Pemodelan Proses Bisnis,CLO-05,1,li_4405260780,Machine Learning (ML) Engineer,Vectara,linkedin,-0.7816
Pemodelan Proses Bisnis,CLO-05,2,li_3815119724,Software,Bay Mortgage Services,linkedin,-2.7029
Pemodelan Proses Bisnis,CLO-05,3,li_4428057087,Software Engineer | API,DeepL,linkedin,-3.239
Pemodelan Proses Bisnis,CLO-05,4,li_4415704910,Full-Stack Software Engineer,GovWell,linkedin,-4.024
Pemodelan Proses Bisnis,CLO-05,5,li_4405158984,Dаtа Sсіеntіѕt (Remote),Progressive Leasing,linkedin,-4.0272
Pemrograman Berorientasi Objek,CLO 1-1,1,li_4373708675,Software Engineer,Avid Technology Professionals,linkedin,-3.3219
Pemrograman Berorientasi Objek,CLO 1-1,2,gd_1010155379786,Java Coding Specialist - Freelance AI Trainer Project,Ameridial,glassdoor,-3.8763
Pemrograman Berorientasi Objek,CLO 1-1,3,li_4422221096,Software Engineer 2,Avid Technology Professionals,linkedin,-4.5654
Pemrograman Berorientasi Objek,CLO 1-1,4,li_4434016802,Back End Developer,Cooler Master USA,linkedin,-5.2159
Pemrograman Berorientasi Objek,CLO 1-1,5,li_4403509120,Software Engineer,KIHOMAC,linkedin,-5.2833
Pemrograman Berorientasi Objek,CLO 2-2,1,li_4430717045,Software Engineer,Winaxis LLC,linkedin,-1.2635
Pemrograman Berorientasi Objek,CLO 2-2,2,li_4431506499,Software Developer,MarathonSoft LLC,linkedin,-3.8964
Pemrograman Berorientasi Objek,CLO 2-2,3,gd_1010155379786,Java Coding Specialist - Freelance AI Trainer Project,Ameridial,glassdoor,-4.9494
Pemrograman Berorientasi Objek,CLO 2-2,4,li_4403509120,Software Engineer,KIHOMAC,linkedin,-5.8717
Pemrograman Berorientasi Objek,CLO 2-2,5,li_4363726700,Software Engineer,Oso,linkedin,-6.0492
Pemrograman Berorientasi Objek,CLO-01,1,li_4373708675,Software Engineer,Avid Technology Professionals,linkedin,-2.8508
Pemrograman Berorientasi Objek,CLO-01,2,gd_1010155379786,Java Coding Specialist - Freelance AI Trainer Project,Ameridial,glassdoor,-3.6642
Pemrograman Berorientasi Objek,CLO-01,3,li_4422221096,Software Engineer 2,Avid Technology Professionals,linkedin,-4.2099
Pemrograman Berorientasi Objek,CLO-01,4,li_4434016802,Back End Developer,Cooler Master USA,linkedin,-4.9977
Pemrograman Berorientasi Objek,CLO-01,5,li_4434302637,Front-End Developer,Bario Gifts,linkedin,-5.2858
Pemrograman Berorientasi Objek,CLO-02,1,li_4430717045,Software Engineer,Winaxis LLC,linkedin,-1.2635
Pemrograman Berorientasi Objek,CLO-02,2,li_4431506499,Software Developer,MarathonSoft LLC,linkedin,-3.8964
Pemrograman Berorientasi Objek,CLO-02,3,gd_1010155379786,Java Coding Specialist - Freelance AI Trainer Project,Ameridial,glassdoor,-4.9494
Pemrograman Berorientasi Objek,CLO-02,4,li_4403509120,Software Engineer,KIHOMAC,linkedin,-5.8717
Pemrograman Berorientasi Objek,CLO-02,5,li_4363726700,Software Engineer,Oso,linkedin,-6.0492
Pemrograman Berorientasi Objek,CLO-03,1,li_3815119724,Software,Bay Mortgage Services,linkedin,-1.004
Pemrograman Berorientasi Objek,CLO-03,2,li_4431330775,Software Developer,Arvin Acme Technologies Inc,linkedin,-2.8066
Pemrograman Berorientasi Objek,CLO-03,3,li_4426669408,Software Developer,Zekiah Technologies,linkedin,-3.0268
Pemrograman Berorientasi Objek,CLO-03,4,li_4426390973,Application Developer II,Cass Information Systems,linkedin,-3.8652
Pemrograman Berorientasi Objek,CLO-03,5,li_4434220495,Software Developer,Brilliant Infotech Inc.,linkedin,-4.5947
Pemrograman Berorientasi Objek,CLO-03,1,li_4430717045,Software Engineer,Winaxis LLC,linkedin,2.2361
Pemrograman Berorientasi Objek,CLO-03,2,li_4431330775,Software Developer,Arvin Acme Technologies Inc,linkedin,1.7864
Pemrograman Berorientasi Objek,CLO-03,3,li_4426390973,Application Developer II,Cass Information Systems,linkedin,0.5415
Pemrograman Berorientasi Objek,CLO-03,4,li_4431506499,Software Developer,MarathonSoft LLC,linkedin,-0.4784
Pemrograman Berorientasi Objek,CLO-03,5,li_4431117643,Software Developer,IEQ Technology,linkedin,-1.7367
Pemrograman Berorientasi Objek,CLO-08,1,gd_1010181109261,Informaticist 2,CenterWell Senior Primary Care,glassdoor,-3.6004
Pemrograman Berorientasi Objek,CLO-08,2,li_4327166527,Computer Scientist - Mid,"Bluehawk LLC, Intelligence Services",linkedin,-3.9883
Pemrograman Berorientasi Objek,CLO-08,3,li_4426669408,Software Developer,Zekiah Technologies,linkedin,-6.3438
Pemrograman Berorientasi Objek,CLO-08,4,li_4415952925,Computer Programmer (On-Site),CSSI,linkedin,-6.5963
Pemrograman Berorientasi Objek,CLO-08,5,li_4434016802,Back End Developer,Cooler Master USA,linkedin,-6.6188
Penambangan Data,CLO 1-1,1,gd_1010179149389,Student Worker 3,UCLA Health System,glassdoor,-1.5623
Penambangan Data,CLO 1-1,2,li_4435252523,Data Analyst,ShrinQ Consulting Group Inc,linkedin,-2.2744
Penambangan Data,CLO 1-1,3,li_4422200401,Data Analyst,Akkodis,linkedin,-2.425
Penambangan Data,CLO 1-1,4,li_4435439591,Data Analyst,DBD International,linkedin,-3.3347
Penambangan Data,CLO 1-1,5,li_4375997156,Data Analyst,Chubb,linkedin,-3.7131
Penambangan Data,CLO 1-2,1,li_4346417366,Machine Learning Engineer,Happy Elements,linkedin,-1.1484
Penambangan Data,CLO 1-2,2,li_4434660737,Data Scientist,KNOWFINITY,linkedin,-1.2748
Penambangan Data,CLO 1-2,3,li_4434667511,Data Scientist,KNOWFINITY,linkedin,-1.2748
Penambangan Data,CLO 1-2,4,li_4434678173,Data Scientist,KNOWFINITY,linkedin,-1.2748
Penambangan Data,CLO 1-2,5,li_4434658960,Data Scientist,KNOWFINITY,linkedin,-1.2748
Penambangan Data,CLO 1-3,1,li_4435252523,Data Analyst,ShrinQ Consulting Group Inc,linkedin,-3.1192
Penambangan Data,CLO 1-3,2,li_4435439591,Data Analyst,DBD International,linkedin,-4.2399
Penambangan Data,CLO 1-3,3,li_4431449969,Data Analyst,Equifax,linkedin,-4.7315
Penambangan Data,CLO 1-3,4,li_4375997156,Data Analyst,Chubb,linkedin,-4.789
Penambangan Data,CLO 1-3,5,li_4368833518,Data Analyst,STI,linkedin,-4.9335
Penambangan Data,CLO 2-1,1,gd_1010179149389,Student Worker 3,UCLA Health System,glassdoor,-1.7925
Penambangan Data,CLO 2-1,2,li_4346417366,Machine Learning Engineer,Happy Elements,linkedin,-3.7899
Penambangan Data,CLO 2-1,3,gd_1010085437885,Student Researcher (Vision Foundation Model - Seed) - 2027 Start (BS/MS),"Beijing Bytedance Technology Co., Ltd",glassdoor,-4.6729
Penambangan Data,CLO 2-1,4,li_4428828247,Machine Learning Engineer,Envision Recruitment,linkedin,-5.3214
Penambangan Data,CLO 2-1,5,li_4425297677,Data Scientist,Google,linkedin,-5.7534
Penambangan Data,CLO 2-2,1,li_4409624638,BI Data Analyst,Motion,linkedin,0.3651
Penambangan Data,CLO 2-2,2,li_4435439591,Data Analyst,DBD International,linkedin,-1.3446
Penambangan Data,CLO 2-2,3,li_4368833518,Data Analyst,STI,linkedin,-1.4981
Penambangan Data,CLO 2-2,4,li_4410777669,Data Analyst,HEICO,linkedin,-1.9251
Penambangan Data,CLO 2-2,5,li_4409712930,Data Analyst,WENCOR,linkedin,-1.9251
Penambangan Data,CLO 3-1,1,li_4346417366,Machine Learning Engineer,Happy Elements,linkedin,-3.0555
Penambangan Data,CLO 3-1,2,li_4431128682,UI Designer,Collate,linkedin,-3.9222
Penambangan Data,CLO 3-1,3,li_4435439591,Data Analyst,DBD International,linkedin,-4.8721
Penambangan Data,CLO 3-1,4,li_4409712930,Data Analyst,WENCOR,linkedin,-4.9128
Penambangan Data,CLO 3-1,5,li_4410777669,Data Analyst,HEICO,linkedin,-4.9128
Penambangan Data,CLO 3-2,1,gd_1010179149389,Student Worker 3,UCLA Health System,glassdoor,-4.1553
Penambangan Data,CLO 3-2,2,li_4431128682,UI Designer,Collate,linkedin,-4.7468
Penambangan Data,CLO 3-2,3,li_4407175659,Applied AI Engineer,Rillet,linkedin,-6.0813
Penambangan Data,CLO 3-2,4,li_4425297677,Data Scientist,Google,linkedin,-6.237
Penambangan Data,CLO 3-2,5,gd_1010181293791,RSCH DATA ANL 2 RP,The Regents of the University of California on behalf of their Los Angeles Campus,glassdoor,-6.4074
Penambangan Data,CLO 3-3,1,li_4431725005,UX Designer,MDAEdge,linkedin,-3.2425
Penambangan Data,CLO 3-3,2,li_4428474361,Product Designer,Quantifind,linkedin,-4.1579
Penambangan Data,CLO 3-3,3,li_4433431526,Model UX Designer,Google,linkedin,-4.4349
Penambangan Data,CLO 3-3,4,li_4418681963,Product Designer,SimpliGov,linkedin,-5.0931
Penambangan Data,CLO 3-3,5,gd_1009846201389,AI Researcher,"AGI, Inc.",glassdoor,-5.6573
Penambangan Data,CLO 4-1,1,li_4435439591,Data Analyst,DBD International,linkedin,-1.1644
Penambangan Data,CLO 4-1,2,li_4434678173,Data Scientist,KNOWFINITY,linkedin,-1.7982
Penambangan Data,CLO 4-1,3,li_4434673373,Data Scientist,KNOWFINITY,linkedin,-1.7982
Penambangan Data,CLO 4-1,4,li_4434658960,Data Scientist,KNOWFINITY,linkedin,-1.7982
Penambangan Data,CLO 4-1,5,li_4434660737,Data Scientist,KNOWFINITY,linkedin,-1.7982
Penambangan Data,CLO-01,1,li_4404995783,"Data Scientist, New Grad",SentiLink,linkedin,-1.8585
Penambangan Data,CLO-01,2,li_3815119724,Software,Bay Mortgage Services,linkedin,-3.0053
Penambangan Data,CLO-01,3,li_4435439591,Data Analyst,DBD International,linkedin,-4.7779
Penambangan Data,CLO-01,4,li_4431128682,UI Designer,Collate,linkedin,-5.012
Penambangan Data,CLO-01,5,li_4435252523,Data Analyst,ShrinQ Consulting Group Inc,linkedin,-5.678
Penambangan Data,CLO-02,1,li_3815119724,Software,Bay Mortgage Services,linkedin,0.1877
Penambangan Data,CLO-02,2,li_4426669408,Software Developer,Zekiah Technologies,linkedin,-2.1888
Penambangan Data,CLO-02,3,li_4431330775,Software Developer,Arvin Acme Technologies Inc,linkedin,-2.311
Penambangan Data,CLO-02,4,li_4431506499,Software Developer,MarathonSoft LLC,linkedin,-2.7364
Penambangan Data,CLO-02,5,li_4434220495,Software Developer,Brilliant Infotech Inc.,linkedin,-4.2427
Penambangan Data,CLO-05,1,li_4405260780,Machine Learning (ML) Engineer,Vectara,linkedin,-1.5286
Penambangan Data,CLO-05,2,li_4380008807,Software Engineer II (Maritime),Torch.AI,linkedin,-2.4282
Penambangan Data,CLO-05,3,gd_1009846201389,AI Researcher,"AGI, Inc.",glassdoor,-2.8559
Penambangan Data,CLO-05,4,li_4431574304,"(USA) Senior, Software Engineer",Walmart,linkedin,-4.2696
Penambangan Data,CLO-05,5,li_3815119724,Software,Bay Mortgage Services,linkedin,-4.6169
Penambangan Data,CLO-07,1,li_4401794091,Data Scientist,Samba,linkedin,-0.5924
Penambangan Data,CLO-07,2,li_4425297677,Data Scientist,Google,linkedin,-2.9314
Penambangan Data,CLO-07,3,li_4429448875,Quantitative Analyst,Technology Ventures,linkedin,-3.382
Penambangan Data,CLO-07,4,gd_1010181109261,Informaticist 2,CenterWell Senior Primary Care,glassdoor,-3.6716
Penambangan Data,CLO-07,5,gd_1006549866768,Math Expert,Info Incognito,glassdoor,-4.5078
Pengantar Sistem Informasi,CLO-01,1,li_4428505624,Business Systems Analyst,CACI International Inc,linkedin,-2.6094
Pengantar Sistem Informasi,CLO-01,2,li_4415682876,Business Analyst,Tata Consultancy Services,linkedin,-4.5305
Pengantar Sistem Informasi,CLO-01,3,li_4418860602,Business Analyst,Tata Consultancy Services,linkedin,-4.5305
Pengantar Sistem Informasi,CLO-01,4,li_3815119724,Software,Bay Mortgage Services,linkedin,-4.5895
Pengantar Sistem Informasi,CLO-01,5,li_4403526264,"Software Engineer, Machine Learning (Systems)",Sweep360,linkedin,-5.1759
Pengantar Sistem Informasi,CLO-02,1,gd_1006549866768,Math Expert,Info Incognito,glassdoor,-2.0581
Pengantar Sistem Informasi,CLO-02,2,li_3815119724,Software,Bay Mortgage Services,linkedin,-2.8189
Pengantar Sistem Informasi,CLO-02,3,li_4404995783,"Data Scientist, New Grad",SentiLink,linkedin,-3.1581
Pengantar Sistem Informasi,CLO-02,4,li_4435439591,Data Analyst,DBD International,linkedin,-3.2932
Pengantar Sistem Informasi,CLO-02,5,li_4428505624,Business Systems Analyst,CACI International Inc,linkedin,-4.1768
Pengantar Sistem Informasi,CLO-04,1,li_3815119724,Software,Bay Mortgage Services,linkedin,-2.1128
Pengantar Sistem Informasi,CLO-04,2,li_4380008807,Software Engineer II (Maritime),Torch.AI,linkedin,-2.4269
Pengantar Sistem Informasi,CLO-04,3,li_4418681963,Product Designer,SimpliGov,linkedin,-2.5746
Pengantar Sistem Informasi,CLO-04,4,gd_1009846201389,AI Researcher,"AGI, Inc.",glassdoor,-4.2524
Pengantar Sistem Informasi,CLO-04,5,li_4403509120,Software Engineer,KIHOMAC,linkedin,-4.507
Pengantar Sistem Informasi,CLO-12,1,li_4426669408,Software Developer,Zekiah Technologies,linkedin,-3.0205
Pengantar Sistem Informasi,CLO-12,2,li_3815119724,Software,Bay Mortgage Services,linkedin,-3.8581
Pengantar Sistem Informasi,CLO-12,3,gd_1010186659840,College Aide (Information Technology),New York City Department of Probation,glassdoor,-4.2315
Pengantar Sistem Informasi,CLO-12,4,li_4403509120,Software Engineer,KIHOMAC,linkedin,-5.2542
Pengantar Sistem Informasi,CLO-12,5,li_4432900614,Software Engineer,Millennium Software Inc,linkedin,-5.322
Pengembangan Aplikasi Website,CLO 1-01,1,li_4413040880,"Web Developer, Lion Holdings",Valuetainment,linkedin,1.1557
Pengembangan Aplikasi Website,CLO 1-01,2,li_4427706568,"Web Developer (HTML,CSS) | Remote",Crossing Hurdles,linkedin,0.5446
Pengembangan Aplikasi Website,CLO 1-01,3,li_4253077386,Creative Web Designer,"Kros-Wise, Inc.",linkedin,-0.4039
Pengembangan Aplikasi Website,CLO 1-01,4,li_4427730735,UI Frontend Developer,Unissant,linkedin,-0.5593
Pengembangan Aplikasi Website,CLO 1-01,5,li_4402733831,Full Stack Developer,Scientific Research Corporation,linkedin,-1.1309
Pengembangan Aplikasi Website,CLO 1-02,1,li_4429586730,Web Application Software Developer,"DESE Research, Inc.",linkedin,2.8445
Pengembangan Aplikasi Website,CLO 1-02,2,li_4414938843,Web Apps Developer,Halvik,linkedin,-0.2645
Pengembangan Aplikasi Website,CLO 1-02,3,li_4427730735,UI Frontend Developer,Unissant,linkedin,-2.8897
Pengembangan Aplikasi Website,CLO 1-02,4,li_4302316577,Web application developer job,Gain America,linkedin,-3.6328
Pengembangan Aplikasi Website,CLO 1-02,5,li_4243859384,Test analyst,ADP WFN Test Company 3,linkedin,-4.0401
Pengembangan Aplikasi Website,CLO 2-01,1,li_4435216514,Back-end Software Development Engineer,FastTek Global,linkedin,-0.5536
Pengembangan Aplikasi Website,CLO 2-01,2,li_4431117643,Software Developer,IEQ Technology,linkedin,-1.6097
Pengembangan Aplikasi Website,CLO 2-01,3,li_4402733831,Full Stack Developer,Scientific Research Corporation,linkedin,-1.8483
Pengembangan Aplikasi Website,CLO 2-01,4,li_4430289828,Software Engineer II,Arcfield,linkedin,-3.619
Pengembangan Aplikasi Website,CLO 2-01,5,li_4415952925,Computer Programmer (On-Site),CSSI,linkedin,-4.4536
Pengembangan Aplikasi Website,CLO 2-02,1,gd_1009846201389,AI Researcher,"AGI, Inc.",glassdoor,-4.8079
Pengembangan Aplikasi Website,CLO 2-02,2,li_4419568698,"Software Engineer (Backend), Content Foundations","Scribd, Inc.",linkedin,-5.1134
Pengembangan Aplikasi Website,CLO 2-02,3,li_4435503395,"Software Engineer, Frontend/Web App",Beacon AI,linkedin,-5.7496
Pengembangan Aplikasi Website,CLO 2-02,4,li_4436948783,Website UI/UX Designer,Inflection (Angel List Syndicate),linkedin,-5.9243
Pengembangan Aplikasi Website,CLO 2-02,5,li_4432900614,Software Engineer,Millennium Software Inc,linkedin,-6.5792
Pengembangan Aplikasi Website,CLO 2-03,1,li_4429586730,Web Application Software Developer,"DESE Research, Inc.",linkedin,1.2732
Pengembangan Aplikasi Website,CLO 2-03,2,li_4395972720,"Software Engineer, Cross Platform",ByteDance,linkedin,0.6815
Pengembangan Aplikasi Website,CLO 2-03,3,li_4431117643,Software Developer,IEQ Technology,linkedin,-2.0325
Pengembangan Aplikasi Website,CLO 2-03,4,li_4427730735,UI Frontend Developer,Unissant,linkedin,-2.0667
Pengembangan Aplikasi Website,CLO 2-03,5,li_4363726700,Software Engineer,Oso,linkedin,-2.9035
Pengembangan Aplikasi Website,CLO-03,1,li_3815119724,Software,Bay Mortgage Services,linkedin,-1.7446
Pengembangan Aplikasi Website,CLO-03,2,li_4426669408,Software Developer,Zekiah Technologies,linkedin,-4.0665
Pengembangan Aplikasi Website,CLO-03,3,li_4426390973,Application Developer II,Cass Information Systems,linkedin,-4.1972
Pengembangan Aplikasi Website,CLO-03,4,li_4431796477,Full Stack Developer,GliaCell Technologies,linkedin,-5.0005
Pengembangan Aplikasi Website,CLO-03,5,li_4385647711,"Software Engineer, Developer Experience (AI)",Clay,linkedin,-5.217
Pengembangan Aplikasi Website,CLO-04,1,li_3815119724,Software,Bay Mortgage Services,linkedin,-4.2633
Pengembangan Aplikasi Website,CLO-04,2,li_4339359236,"Software Engineer, Backend",Clay,linkedin,-4.9165
Pengembangan Aplikasi Website,CLO-04,3,li_4338267967,"Software Engineer, Backend",Clay,linkedin,-4.9165
Pengembangan Aplikasi Website,CLO-04,4,li_4337648158,"Software Engineer, Full Stack",Clay,linkedin,-5.2599
Pengembangan Aplikasi Website,CLO-04,5,li_4399451605,"Software Engineer, Full Stack",Clay,linkedin,-5.2599
Pengembangan Sistem Cerdas,CLO-1,1,li_4403526264,"Software Engineer, Machine Learning (Systems)",Sweep360,linkedin,-3.1678
Pengembangan Sistem Cerdas,CLO-1,2,li_4337648158,"Software Engineer, Full Stack",Clay,linkedin,-4.0622
Pengembangan Sistem Cerdas,CLO-1,3,li_4424958127,Product Designer,Plot,linkedin,-4.1591
Pengembangan Sistem Cerdas,CLO-1,4,li_4385647711,"Software Engineer, Developer Experience (AI)",Clay,linkedin,-4.2571
Pengembangan Sistem Cerdas,CLO-1,5,li_4429955515,Product Designer,Conduct,linkedin,-4.5228
Pengembangan Sistem Cerdas,CLO-1,1,li_4405260780,Machine Learning (ML) Engineer,Vectara,linkedin,0.5883
Pengembangan Sistem Cerdas,CLO-1,2,gd_1010181109261,Informaticist 2,CenterWell Senior Primary Care,glassdoor,-0.56
Pengembangan Sistem Cerdas,CLO-1,3,li_4424958127,Product Designer,Plot,linkedin,-0.8571
Pengembangan Sistem Cerdas,CLO-1,4,li_4419895399,Software Engineer,Kratos Defense and Security Solutions,linkedin,-2.5799
Pengembangan Sistem Cerdas,CLO-1,5,li_3686416246,Epicor Software Programmer,"Patriot Machine, Inc.",linkedin,-2.5979
Pengembangan Sistem Cerdas,CLO-1,1,li_4403526264,"Software Engineer, Machine Learning (Systems)",Sweep360,linkedin,-3.5842
Pengembangan Sistem Cerdas,CLO-1,2,gd_1010070797503,AI Resident - Learning From Videos (LFV),Toyota Research Institute,glassdoor,-3.6238
Pengembangan Sistem Cerdas,CLO-1,3,li_4385647711,"Software Engineer, Developer Experience (AI)",Clay,linkedin,-4.2449
Pengembangan Sistem Cerdas,CLO-1,4,gd_1010109391172,AI Tutor - Tagalog,x.ai,glassdoor,-4.649
Pengembangan Sistem Cerdas,CLO-1,5,li_4424958127,Product Designer,Plot,linkedin,-4.8219
Pengembangan Sistem Cerdas,CLO-3,1,gd_1010178684905,Machine Learning Algorithm Consultant,PURE DIAGNOSTICS LLC,glassdoor,-4.0689
Pengembangan Sistem Cerdas,CLO-3,2,li_4380008807,Software Engineer II (Maritime),Torch.AI,linkedin,-4.4248
Pengembangan Sistem Cerdas,CLO-3,3,gd_1010174347142,Deep Learning Quality Specialist,Carbon Robotics,glassdoor,-6.1319
Pengembangan Sistem Cerdas,CLO-3,4,li_4323760824,"Software Engineer, Backend",Clay,linkedin,-6.7523
Pengembangan Sistem Cerdas,CLO-3,5,li_4339359236,"Software Engineer, Backend",Clay,linkedin,-6.8115
Pengembangan Sistem Cerdas,CLO-4,1,gd_1010178865002,"Research Assistant I - Audibility, Perception and Cognition Laboratory",Boys Town National Research Hospital,glassdoor,-3.8079
Pengembangan Sistem Cerdas,CLO-4,2,li_4412928692,Software Engineer 2,"Burke Porter, an Ascential Technologies Brand",linkedin,-4.5283
Pengembangan Sistem Cerdas,CLO-4,3,li_3815119724,Software,Bay Mortgage Services,linkedin,-5.1901
Pengembangan Sistem Cerdas,CLO-4,4,li_4424958127,Product Designer,Plot,linkedin,-5.583
Pengembangan Sistem Cerdas,CLO-4,5,li_4399451605,"Software Engineer, Full Stack",Clay,linkedin,-5.6973
Pengembangan Sistem Cerdas,CLO-4,1,li_3815119724,Software,Bay Mortgage Services,linkedin,0.3846
Pengembangan Sistem Cerdas,CLO-4,2,li_4431330775,Software Developer,Arvin Acme Technologies Inc,linkedin,-0.7975
Pengembangan Sistem Cerdas,CLO-4,3,gd_1010181109261,Informaticist 2,CenterWell Senior Primary Care,glassdoor,-1.8627
Pengembangan Sistem Cerdas,CLO-4,4,li_4430289828,Software Engineer II,Arcfield,linkedin,-2.239
Pengembangan Sistem Cerdas,CLO-4,5,li_4426390973,Application Developer II,Cass Information Systems,linkedin,-3.0186
Pengembangan Sistem Cerdas,CLO-4,1,gd_1010178865002,"Research Assistant I - Audibility, Perception and Cognition Laboratory",Boys Town National Research Hospital,glassdoor,-3.9481
Pengembangan Sistem Cerdas,CLO-4,2,li_3815119724,Software,Bay Mortgage Services,linkedin,-4.4278
Pengembangan Sistem Cerdas,CLO-4,3,li_4323760824,"Software Engineer, Backend",Clay,linkedin,-5.0484
Pengembangan Sistem Cerdas,CLO-4,4,li_4385647711,"Software Engineer, Developer Experience (AI)",Clay,linkedin,-5.1129
Pengembangan Sistem Cerdas,CLO-4,5,li_4399451605,"Software Engineer, Full Stack",Clay,linkedin,-5.137
Pengembangan Sistem Cerdas,CLO-5,1,li_3815119724,Software,Bay Mortgage Services,linkedin,-2.971
Pengembangan Sistem Cerdas,CLO-5,2,gd_1010178865002,"Research Assistant I - Audibility, Perception and Cognition Laboratory",Boys Town National Research Hospital,glassdoor,-3.9819
Pengembangan Sistem Cerdas,CLO-5,3,li_4434016802,Back End Developer,Cooler Master USA,linkedin,-4.4144
Pengembangan Sistem Cerdas,CLO-5,4,li_4406796300,Software Engineer,Anicca Data Science Solutions,linkedin,-4.6723
Pengembangan Sistem Cerdas,CLO-5,5,li_4412928692,Software Engineer 2,"Burke Porter, an Ascential Technologies Brand",linkedin,-4.7236
Perancangan Interaksi,CLO 1-1,1,li_4418681963,Product Designer,SimpliGov,linkedin,-1.7489
Perancangan Interaksi,CLO 1-1,2,li_4431711270,UX Designer,MDAEdge,linkedin,-3.3261
Perancangan Interaksi,CLO 1-1,3,li_4428729111,"Interaction Designer, AI Foundations",Google,linkedin,-3.7953
Perancangan Interaksi,CLO 1-1,4,li_4318503546,Product Designer,"AGI, Inc.",linkedin,-4.2941
Perancangan Interaksi,CLO 1-1,5,li_4430393815,"Interaction Designer, XR Apps",Google,linkedin,-4.5442
Perancangan Interaksi,CLO 1-2,1,li_4402988667,Interaction Designer/Visual Designer,MillenniumSoft Inc,linkedin,0.9722
Perancangan Interaksi,CLO 1-2,2,li_4418681963,Product Designer,SimpliGov,linkedin,-2.681
Perancangan Interaksi,CLO 1-2,3,li_4431711270,UX Designer,MDAEdge,linkedin,-2.7734
Perancangan Interaksi,CLO 1-2,4,li_4428729111,"Interaction Designer, AI Foundations",Google,linkedin,-3.2787
Perancangan Interaksi,CLO 1-2,5,li_4430393815,"Interaction Designer, XR Apps",Google,linkedin,-3.9557
Perancangan Interaksi,CLO 2-1,1,li_3815119724,Software,Bay Mortgage Services,linkedin,2.2478
Perancangan Interaksi,CLO 2-1,2,li_4406796300,Software Engineer,Anicca Data Science Solutions,linkedin,-2.8765
Perancangan Interaksi,CLO 2-1,3,li_4403526264,"Software Engineer, Machine Learning (Systems)",Sweep360,linkedin,-4.7569
Perancangan Interaksi,CLO 2-1,4,li_4401335199,Product Designer,Nuna Inc.,linkedin,-4.8494
Perancangan Interaksi,CLO 2-1,5,li_4363726700,Software Engineer,Oso,linkedin,-5.0194
Perancangan Interaksi,CLO 3-1,1,li_4418681963,Product Designer,SimpliGov,linkedin,-2.6801
Perancangan Interaksi,CLO 3-1,2,li_4424958127,Product Designer,Plot,linkedin,-4.1665
Perancangan Interaksi,CLO 3-1,3,gd_1009846201389,AI Researcher,"AGI, Inc.",glassdoor,-4.2876
Perancangan Interaksi,CLO 3-1,4,li_4428729111,"Interaction Designer, AI Foundations",Google,linkedin,-5.2539
Perancangan Interaksi,CLO 3-1,5,li_4318503546,Product Designer,"AGI, Inc.",linkedin,-5.339
Perancangan Interaksi,CLO 3-2,1,li_4428729111,"Interaction Designer, AI Foundations",Google,linkedin,-4.3236
Perancangan Interaksi,CLO 3-2,2,li_4424958127,Product Designer,Plot,linkedin,-4.6355
Perancangan Interaksi,CLO 3-2,3,gd_1009846201389,AI Researcher,"AGI, Inc.",glassdoor,-4.8693
Perancangan Interaksi,CLO 3-2,4,li_4430393815,"Interaction Designer, XR Apps",Google,linkedin,-4.927
Perancangan Interaksi,CLO 3-2,5,gd_1010109391172,AI Tutor - Tagalog,x.ai,glassdoor,-5.0948
Perancangan Interaksi,CLO 3-3,1,li_4419575653,"Software Engineer (Backend), Content Foundations","Scribd, Inc.",linkedin,-3.4411
Perancangan Interaksi,CLO 3-3,2,li_4419576591,"Software Engineer (Backend), Content Foundations","Scribd, Inc.",linkedin,-3.4411
Perancangan Interaksi,CLO 3-3,3,li_4419558780,"Software Engineer (Backend), Content Foundations","Scribd, Inc.",linkedin,-3.4411
Perancangan Interaksi,CLO 3-3,4,li_4419568698,"Software Engineer (Backend), Content Foundations","Scribd, Inc.",linkedin,-3.4411
Perancangan Interaksi,CLO 3-3,5,li_4419576589,"Software Engineer (Backend), Content Foundations","Scribd, Inc.",linkedin,-3.4411
Perancangan Interaksi,CLO 3-4,1,li_4323760450,"Product Designer, Design, Dev, & AI Tools",Figma,linkedin,1.4871
Perancangan Interaksi,CLO 3-4,2,li_4431711270,UX Designer,MDAEdge,linkedin,0.7082
Perancangan Interaksi,CLO 3-4,3,li_4433350882,Figma Designer,TekValue IT Solutions,linkedin,-0.5079
Perancangan Interaksi,CLO 3-4,4,li_4434394973,User Experience Designer,Harvey Nash,linkedin,-0.7262
Perancangan Interaksi,CLO 3-4,5,li_4288815173,UI/UX Designer (Figma),Heirloom Cloud Corporation,linkedin,-1.7193
Perancangan Interaksi,CLO 4-1,1,li_4431725005,UX Designer,MDAEdge,linkedin,-1.0979
Perancangan Interaksi,CLO 4-1,2,li_4418939171,UI/UX Designer,Futurex,linkedin,-1.4383
Perancangan Interaksi,CLO 4-1,3,li_4422709114,Product Designer,Thunkable,linkedin,-1.4519
Perancangan Interaksi,CLO 4-1,4,li_4418681963,Product Designer,SimpliGov,linkedin,-1.8878
Perancangan Interaksi,CLO 4-1,5,li_4402246807,Product Designer,Kake,linkedin,-2.9482
Perancangan Interaksi,CLO 5-1,1,li_4419576589,"Software Engineer (Backend), Content Foundations","Scribd, Inc.",linkedin,-3.6346
Perancangan Interaksi,CLO 5-1,2,li_4419576591,"Software Engineer (Backend), Content Foundations","Scribd, Inc.",linkedin,-3.6346
Perancangan Interaksi,CLO 5-1,3,li_4419558780,"Software Engineer (Backend), Content Foundations","Scribd, Inc.",linkedin,-3.6346
Perancangan Interaksi,CLO 5-1,4,li_4318503546,Product Designer,"AGI, Inc.",linkedin,-5.2799
Perancangan Interaksi,CLO 5-1,5,li_3907138810,Full-stack Engineer,Speak,linkedin,-5.3737
Perancangan Interaksi,CLO-1,1,li_4418681963,Product Designer,SimpliGov,linkedin,-1.7489
Perancangan Interaksi,CLO-1,2,li_4431711270,UX Designer,MDAEdge,linkedin,-3.3261
Perancangan Interaksi,CLO-1,3,li_4428729111,"Interaction Designer, AI Foundations",Google,linkedin,-3.7953
Perancangan Interaksi,CLO-1,4,li_4318503546,Product Designer,"AGI, Inc.",linkedin,-4.2941
Perancangan Interaksi,CLO-1,5,li_4430393815,"Interaction Designer, XR Apps",Google,linkedin,-4.5442
Perancangan Interaksi,CLO-2,1,li_3815119724,Software,Bay Mortgage Services,linkedin,2.2478
Perancangan Interaksi,CLO-2,2,li_4406796300,Software Engineer,Anicca Data Science Solutions,linkedin,-2.8765
Perancangan Interaksi,CLO-2,3,li_4403526264,"Software Engineer, Machine Learning (Systems)",Sweep360,linkedin,-4.7569
Perancangan Interaksi,CLO-2,4,li_4401335199,Product Designer,Nuna Inc.,linkedin,-4.8494
Perancangan Interaksi,CLO-2,5,li_4363726700,Software Engineer,Oso,linkedin,-5.0194
Perancangan Interaksi,CLO-3,1,li_4402988667,Interaction Designer/Visual Designer,MillenniumSoft Inc,linkedin,-0.8721
Perancangan Interaksi,CLO-3,2,li_4431711270,UX Designer,MDAEdge,linkedin,-2.7892
Perancangan Interaksi,CLO-3,3,li_4433431526,Model UX Designer,Google,linkedin,-3.2907
Perancangan Interaksi,CLO-3,4,gd_1009846201389,AI Researcher,"AGI, Inc.",glassdoor,-5.5963
Perancangan Interaksi,CLO-3,5,li_4428729111,"Interaction Designer, AI Foundations",Google,linkedin,-5.7246
Perancangan Interaksi,CLO-4,1,li_4431725005,UX Designer,MDAEdge,linkedin,-1.0979
Perancangan Interaksi,CLO-4,2,li_4418939171,UI/UX Designer,Futurex,linkedin,-1.4383
Perancangan Interaksi,CLO-4,3,li_4422709114,Product Designer,Thunkable,linkedin,-1.4519
Perancangan Interaksi,CLO-4,4,li_4418681963,Product Designer,SimpliGov,linkedin,-1.8878
Perancangan Interaksi,CLO-4,5,li_4402246807,Product Designer,Kake,linkedin,-2.9482
Perancangan Interaksi,CLO-5,1,li_4419576589,"Software Engineer (Backend), Content Foundations","Scribd, Inc.",linkedin,-3.6346
Perancangan Interaksi,CLO-5,2,li_4419576591,"Software Engineer (Backend), Content Foundations","Scribd, Inc.",linkedin,-3.6346
Perancangan Interaksi,CLO-5,3,li_4419558780,"Software Engineer (Backend), Content Foundations","Scribd, Inc.",linkedin,-3.6346
Perancangan Interaksi,CLO-5,4,li_4318503546,Product Designer,"AGI, Inc.",linkedin,-5.2799
Perancangan Interaksi,CLO-5,5,li_3907138810,Full-stack Engineer,Speak,linkedin,-5.3737
Proyek Perangkat Lunak,CLO 1-2,1,li_4403636853,Software Engineer,Autoliv,linkedin,-1.5318
Proyek Perangkat Lunak,CLO 1-2,2,li_4403509120,Software Engineer,KIHOMAC,linkedin,-2.4373
Proyek Perangkat Lunak,CLO 1-2,3,li_3815119724,Software,Bay Mortgage Services,linkedin,-2.9999
Proyek Perangkat Lunak,CLO 1-2,4,li_4373708675,Software Engineer,Avid Technology Professionals,linkedin,-4.0257
Proyek Perangkat Lunak,CLO 1-2,5,li_4412928692,Software Engineer 2,"Burke Porter, an Ascential Technologies Brand",linkedin,-4.0887
Proyek Perangkat Lunak,CLO 1-3,1,gd_1010139624650,Research Assistant 1- Word Learning Lab,Boys Town National Research Hospital,glassdoor,-3.3762
Proyek Perangkat Lunak,CLO 1-3,2,gd_1010178865002,"Research Assistant I - Audibility, Perception and Cognition Laboratory",Boys Town National Research Hospital,glassdoor,-3.4666
Proyek Perangkat Lunak,CLO 1-3,3,li_4405158984,Dаtа Sсіеntіѕt (Remote),Progressive Leasing,linkedin,-4.6651
Proyek Perangkat Lunak,CLO 1-3,4,li_4428474361,Product Designer,Quantifind,linkedin,-4.8855
Proyek Perangkat Lunak,CLO 1-3,5,li_3815119724,Software,Bay Mortgage Services,linkedin,-5.3101
Proyek Perangkat Lunak,CLO 1-5,1,gd_1010070797503,AI Resident - Learning From Videos (LFV),Toyota Research Institute,glassdoor,-5.3072
Proyek Perangkat Lunak,CLO 1-5,2,gd_1010085437885,Student Researcher (Vision Foundation Model - Seed) - 2027 Start (BS/MS),"Beijing Bytedance Technology Co., Ltd",glassdoor,-5.5412
Proyek Perangkat Lunak,CLO 1-5,3,li_4380008807,Software Engineer II (Maritime),Torch.AI,linkedin,-6.075
Proyek Perangkat Lunak,CLO 1-5,4,li_4424958127,Product Designer,Plot,linkedin,-6.1649
Proyek Perangkat Lunak,CLO 1-5,5,li_4418681963,Product Designer,SimpliGov,linkedin,-6.4731
Proyek Perangkat Lunak,CLO 1-7,1,li_4434263916,Software Engineer- All Levels,Wrench,linkedin,-1.8303
Proyek Perangkat Lunak,CLO 1-7,2,gd_1009846201389,AI Researcher,"AGI, Inc.",glassdoor,-3.9079
Proyek Perangkat Lunak,CLO 1-7,3,li_4318503546,Product Designer,"AGI, Inc.",linkedin,-4.1483
Proyek Perangkat Lunak,CLO 1-7,4,li_4431286717,"Software Engineer II, Backend (Reliability Platform)",Affirm,linkedin,-5.3481
Proyek Perangkat Lunak,CLO 1-7,5,li_4431404300,"Software Engineer II, Backend (Reliability Platform)",Affirm,linkedin,-5.3481
Proyek Perangkat Lunak,CLO 2-1,1,li_4426669408,Software Developer,Zekiah Technologies,linkedin,-3.1687
Proyek Perangkat Lunak,CLO 2-1,2,li_4243859384,Test analyst,ADP WFN Test Company 3,linkedin,-3.5805
Proyek Perangkat Lunak,CLO 2-1,3,li_3907138810,Full-stack Engineer,Speak,linkedin,-6.455
Proyek Perangkat Lunak,CLO 2-1,4,li_4425799342,Software Engineer - C# or Java - Hedgefund - NYC,Saragossa,linkedin,-6.5563
Proyek Perangkat Lunak,CLO 2-1,5,li_4431784441,Software Engineer,uShip,linkedin,-6.7611
Proyek Perangkat Lunak,CLO 2-2,1,li_4426669408,Software Developer,Zekiah Technologies,linkedin,-4.394
Proyek Perangkat Lunak,CLO 2-2,2,li_4243859384,Test analyst,ADP WFN Test Company 3,linkedin,-5.3093
Proyek Perangkat Lunak,CLO 2-2,3,li_4424958127,Product Designer,Plot,linkedin,-5.5504
Proyek Perangkat Lunak,CLO 2-2,4,gd_1010147189647,AI Math Content Creator,Texas Sports Academy,glassdoor,-5.9857
Proyek Perangkat Lunak,CLO 2-2,5,li_3907138810,Full-stack Engineer,Speak,linkedin,-6.8958
Proyek Perangkat Lunak,CLO 2-3,1,li_4394270475,Product Designer,Remi,linkedin,-2.0709
Proyek Perangkat Lunak,CLO 2-3,2,li_4428474361,Product Designer,Quantifind,linkedin,-2.6317
Proyek Perangkat Lunak,CLO 2-3,3,gd_1010085437885,Student Researcher (Vision Foundation Model - Seed) - 2027 Start (BS/MS),"Beijing Bytedance Technology Co., Ltd",glassdoor,-3.3886
Proyek Perangkat Lunak,CLO 2-3,4,li_4402246807,Product Designer,Kake,linkedin,-3.5243
Proyek Perangkat Lunak,CLO 2-3,5,li_4406775250,Product Designer,adaption,linkedin,-3.7733
Proyek Perangkat Lunak,CLO 2-7,1,li_4405260780,Machine Learning (ML) Engineer,Vectara,linkedin,-5.3646
Proyek Perangkat Lunak,CLO 2-7,2,li_3907138810,Full-stack Engineer,Speak,linkedin,-6.4561
Proyek Perangkat Lunak,CLO 2-7,3,li_4434016802,Back End Developer,Cooler Master USA,linkedin,-6.528
Proyek Perangkat Lunak,CLO 2-7,4,li_4410227455,Platform Engineer,Sea12,linkedin,-6.5981
Proyek Perangkat Lunak,CLO 2-7,5,li_4424958127,Product Designer,Plot,linkedin,-6.8606
Proyek Perangkat Lunak,CLO 2-9,1,li_4434016802,Back End Developer,Cooler Master USA,linkedin,-5.095
Proyek Perangkat Lunak,CLO 2-9,2,li_4428474361,Product Designer,Quantifind,linkedin,-5.7151
Proyek Perangkat Lunak,CLO 2-9,3,li_4424958127,Product Designer,Plot,linkedin,-6.0063
Proyek Perangkat Lunak,CLO 2-9,4,li_4394270475,Product Designer,Remi,linkedin,-6.1659
Proyek Perangkat Lunak,CLO 2-9,5,li_4398237359,Product Engineer,Namespace,linkedin,-6.3198
Proyek Perangkat Lunak,CLO 3-1,1,li_4426669408,Software Developer,Zekiah Technologies,linkedin,-3.0681
Proyek Perangkat Lunak,CLO 3-1,2,li_4428785976,"Software Engineer, Backend",Imprint,linkedin,-4.1438
Proyek Perangkat Lunak,CLO 3-1,3,li_4402246807,Product Designer,Kake,linkedin,-4.8581
Proyek Perangkat Lunak,CLO 3-1,4,li_4406796300,Software Engineer,Anicca Data Science Solutions,linkedin,-5.1267
Proyek Perangkat Lunak,CLO 3-1,5,li_3815119724,Software,Bay Mortgage Services,linkedin,-5.1856
Proyek Perangkat Lunak,CLO 3-2,1,li_4405260780,Machine Learning (ML) Engineer,Vectara,linkedin,-5.3646
Proyek Perangkat Lunak,CLO 3-2,2,li_3907138810,Full-stack Engineer,Speak,linkedin,-6.4561
Proyek Perangkat Lunak,CLO 3-2,3,li_4434016802,Back End Developer,Cooler Master USA,linkedin,-6.528
Proyek Perangkat Lunak,CLO 3-2,4,li_4410227455,Platform Engineer,Sea12,linkedin,-6.5981
Proyek Perangkat Lunak,CLO 3-2,5,li_4424958127,Product Designer,Plot,linkedin,-6.8606
Proyek Perangkat Lunak,CLO 3-3,1,gd_1010070797503,AI Resident - Learning From Videos (LFV),Toyota Research Institute,glassdoor,-4.5591
Proyek Perangkat Lunak,CLO 3-3,2,li_4403643287,Software Engineer - Early Career,Varsity Brands,linkedin,-4.5745
Proyek Perangkat Lunak,CLO 3-3,3,li_4419011686,Software Engineer II (Frontend),"Scribd, Inc.",linkedin,-4.709
Proyek Perangkat Lunak,CLO 3-3,4,li_4418898971,Software Engineer II (Frontend),"Scribd, Inc.",linkedin,-4.709
Proyek Perangkat Lunak,CLO 3-3,5,li_4419003903,Software Engineer II (Frontend),"Scribd, Inc.",linkedin,-4.709
Proyek Perangkat Lunak,CLO 3-5,1,li_4419003903,Software Engineer II (Frontend),"Scribd, Inc.",linkedin,-4.9015
Proyek Perangkat Lunak,CLO 3-5,2,li_4419011686,Software Engineer II (Frontend),"Scribd, Inc.",linkedin,-4.9015
Proyek Perangkat Lunak,CLO 3-5,3,li_4418898971,Software Engineer II (Frontend),"Scribd, Inc.",linkedin,-4.9015
Proyek Perangkat Lunak,CLO 3-5,4,gd_1010188559101,Admission Specialist PRN,Innovative Network of Knowledge (INK),glassdoor,-5.4253
Proyek Perangkat Lunak,CLO 3-5,5,li_3907138810,Full-stack Engineer,Speak,linkedin,-5.6606
Proyek Perangkat Lunak,CLO 4-2,1,gd_1010070797503,AI Resident - Learning From Videos (LFV),Toyota Research Institute,glassdoor,-3.8658
Proyek Perangkat Lunak,CLO 4-2,2,gd_1010162931103,Graduate Student Assistant - Substance and Addiction Prevention - Remote,"University Enterprises, Inc.",glassdoor,-5.016
Proyek Perangkat Lunak,CLO 4-2,3,gd_1007506508998,Science Policy Postdocs,European Business Reliance Centre,glassdoor,-5.6659
Proyek Perangkat Lunak,CLO 4-2,4,li_4424958127,Product Designer,Plot,linkedin,-5.8721
Proyek Perangkat Lunak,CLO 4-2,5,gd_1010147189647,AI Math Content Creator,Texas Sports Academy,glassdoor,-6.0993
Proyek Perangkat Lunak,CLO 4-4,1,gd_1010070797503,AI Resident - Learning From Videos (LFV),Toyota Research Institute,glassdoor,-4.0167
Proyek Perangkat Lunak,CLO 4-4,2,gd_1010162931103,Graduate Student Assistant - Substance and Addiction Prevention - Remote,"University Enterprises, Inc.",glassdoor,-5.0273
Proyek Perangkat Lunak,CLO 4-4,3,li_4403509120,Software Engineer,KIHOMAC,linkedin,-5.0462
Proyek Perangkat Lunak,CLO 4-4,4,gd_1007506508998,Science Policy Postdocs,European Business Reliance Centre,glassdoor,-5.5965
Proyek Perangkat Lunak,CLO 4-4,5,li_4424958127,Product Designer,Plot,linkedin,-5.9758
Proyek Perangkat Lunak,CLO-1,1,li_4424958127,Product Designer,Plot,linkedin,-3.5918
Proyek Perangkat Lunak,CLO-1,2,li_3815119724,Software,Bay Mortgage Services,linkedin,-4.4444
Proyek Perangkat Lunak,CLO-1,3,li_4380008807,Software Engineer II (Maritime),Torch.AI,linkedin,-5.2074
Proyek Perangkat Lunak,CLO-1,4,li_4324030480,"Software Engineer, Full Stack",Clay,linkedin,-5.7134
Proyek Perangkat Lunak,CLO-1,5,li_4323760824,"Software Engineer, Backend",Clay,linkedin,-5.7362
Proyek Perangkat Lunak,CLO-1,1,li_4424958127,Product Designer,Plot,linkedin,-0.9548
Proyek Perangkat Lunak,CLO-1,2,gd_1010181109261,Informaticist 2,CenterWell Senior Primary Care,glassdoor,-0.9671
Proyek Perangkat Lunak,CLO-1,3,li_4419895399,Software Engineer,Kratos Defense and Security Solutions,linkedin,-2.7567
Proyek Perangkat Lunak,CLO-1,4,li_4432644521,AI/ML Engineer,Centraprise,linkedin,-2.8368
Proyek Perangkat Lunak,CLO-1,5,li_3815119724,Software,Bay Mortgage Services,linkedin,-3.2606
Proyek Perangkat Lunak,CLO-1,1,li_4424958127,Product Designer,Plot,linkedin,-3.0227
Proyek Perangkat Lunak,CLO-1,2,li_3815119724,Software,Bay Mortgage Services,linkedin,-3.9049
Proyek Perangkat Lunak,CLO-1,3,li_4380008807,Software Engineer II (Maritime),Torch.AI,linkedin,-5.1975
Proyek Perangkat Lunak,CLO-1,4,li_4338267967,"Software Engineer, Backend",Clay,linkedin,-5.3215
Proyek Perangkat Lunak,CLO-1,5,li_4339359236,"Software Engineer, Backend",Clay,linkedin,-5.3215
Proyek Perangkat Lunak,CLO-2,1,li_3815119724,Software,Bay Mortgage Services,linkedin,-1.3677
Proyek Perangkat Lunak,CLO-2,2,li_4430289828,Software Engineer II,Arcfield,linkedin,-3.8001
Proyek Perangkat Lunak,CLO-2,3,li_4380008807,Software Engineer II (Maritime),Torch.AI,linkedin,-5.8106
Proyek Perangkat Lunak,CLO-2,4,li_4427112925,Data Analyst,Beyond Feedback,linkedin,-6.1451
Proyek Perangkat Lunak,CLO-2,5,li_4416261558,Software Engineer (Backend),Lorum,linkedin,-6.1771
Proyek Perangkat Lunak,CLO-3,1,gd_1010178865002,"Research Assistant I - Audibility, Perception and Cognition Laboratory",Boys Town National Research Hospital,glassdoor,-1.9871
Proyek Perangkat Lunak,CLO-3,2,gd_1010186624181,Shift Lead,Kooth PLC,glassdoor,-4.5445
Proyek Perangkat Lunak,CLO-3,3,li_4419558780,"Software Engineer (Backend), Content Foundations","Scribd, Inc.",linkedin,-5.0358
Proyek Perangkat Lunak,CLO-3,4,li_4419576589,"Software Engineer (Backend), Content Foundations","Scribd, Inc.",linkedin,-5.0358
Proyek Perangkat Lunak,CLO-3,5,li_4419575653,"Software Engineer (Backend), Content Foundations","Scribd, Inc.",linkedin,-5.0358
Proyek Perangkat Lunak,CLO-3,1,gd_1010178865002,"Research Assistant I - Audibility, Perception and Cognition Laboratory",Boys Town National Research Hospital,glassdoor,-1.4605
Proyek Perangkat Lunak,CLO-3,2,gd_1010139624650,Research Assistant 1- Word Learning Lab,Boys Town National Research Hospital,glassdoor,-1.5172
Proyek Perangkat Lunak,CLO-3,3,li_4435010314,"Professional, Data Quality",Cotality,linkedin,-2.1479
Proyek Perangkat Lunak,CLO-3,4,li_4435019087,"Professional, Data Quality",Cotality,linkedin,-2.1479
Proyek Perangkat Lunak,CLO-3,5,gd_1009854923655,"Freelance Medical Reviewer, MyHealthTeam","MyHealthTeam, Inc",glassdoor,-2.6742
Proyek Perangkat Lunak,CLO-4,1,gd_1010155380514,English Language Specialist – AI Trainer,Ameridial,glassdoor,-2.3725
Proyek Perangkat Lunak,CLO-4,2,li_4428057087,Software Engineer | API,DeepL,linkedin,-2.6007
Proyek Perangkat Lunak,CLO-4,3,li_4424958127,Product Designer,Plot,linkedin,-3.8457
Proyek Perangkat Lunak,CLO-4,4,gd_1010109391172,AI Tutor - Tagalog,x.ai,glassdoor,-3.9353
Proyek Perangkat Lunak,CLO-4,5,li_3907138810,Full-stack Engineer,Speak,linkedin,-3.9646
Proyek Perangkat Lunak,CLO-5,1,li_3815119724,Software,Bay Mortgage Services,linkedin,-3.5795
Proyek Perangkat Lunak,CLO-5,2,li_4380008807,Software Engineer II (Maritime),Torch.AI,linkedin,-3.8614
Proyek Perangkat Lunak,CLO-5,3,li_4416261558,Software Engineer (Backend),Lorum,linkedin,-4.0393
Proyek Perangkat Lunak,CLO-5,4,gd_1010178865002,"Research Assistant I - Audibility, Perception and Cognition Laboratory",Boys Town National Research Hospital,glassdoor,-4.1425
Proyek Perangkat Lunak,CLO-5,5,li_4432488212,Machine Learning Engineer,Harrison Clarke,linkedin,-4.4754
Rekayasa Proses Bisnis,CLO-1,1,li_4424958127,Product Designer,Plot,linkedin,-3.4265
Rekayasa Proses Bisnis,CLO-1,2,li_4375868798,Data Analyst,Clay,linkedin,-4.18
Rekayasa Proses Bisnis,CLO-1,3,li_3815119724,Software,Bay Mortgage Services,linkedin,-4.3062
Rekayasa Proses Bisnis,CLO-1,4,li_4323760824,"Software Engineer, Backend",Clay,linkedin,-5.5945
Rekayasa Proses Bisnis,CLO-1,5,li_4324030480,"Software Engineer, Full Stack",Clay,linkedin,-5.7163
Rekayasa Proses Bisnis,CLO-1,1,li_4424958127,Product Designer,Plot,linkedin,-0.9548
Rekayasa Proses Bisnis,CLO-1,2,gd_1010181109261,Informaticist 2,CenterWell Senior Primary Care,glassdoor,-0.9671
Rekayasa Proses Bisnis,CLO-1,3,li_4419895399,Software Engineer,Kratos Defense and Security Solutions,linkedin,-2.7567
Rekayasa Proses Bisnis,CLO-1,4,li_4432644521,AI/ML Engineer,Centraprise,linkedin,-2.8368
Rekayasa Proses Bisnis,CLO-1,5,li_3815119724,Software,Bay Mortgage Services,linkedin,-3.2606
Rekayasa Proses Bisnis,CLO-1,1,li_4424958127,Product Designer,Plot,linkedin,-2.7801
Rekayasa Proses Bisnis,CLO-1,2,li_3815119724,Software,Bay Mortgage Services,linkedin,-3.8138
Rekayasa Proses Bisnis,CLO-1,3,li_4375868798,Data Analyst,Clay,linkedin,-3.8314
Rekayasa Proses Bisnis,CLO-1,4,li_4399451605,"Software Engineer, Full Stack",Clay,linkedin,-5.1456
Rekayasa Proses Bisnis,CLO-1,5,li_4337648158,"Software Engineer, Full Stack",Clay,linkedin,-5.1456
Rekayasa Proses Bisnis,CLO-2,1,gd_1010155380514,English Language Specialist – AI Trainer,Ameridial,glassdoor,-2.3725
Rekayasa Proses Bisnis,CLO-2,2,li_4428057087,Software Engineer | API,DeepL,linkedin,-2.6007
Rekayasa Proses Bisnis,CLO-2,3,li_4424958127,Product Designer,Plot,linkedin,-3.8457
Rekayasa Proses Bisnis,CLO-2,4,gd_1010109391172,AI Tutor - Tagalog,x.ai,glassdoor,-3.9353
Rekayasa Proses Bisnis,CLO-2,5,li_3907138810,Full-stack Engineer,Speak,linkedin,-3.9646
Rekayasa Proses Bisnis,CLO-3,1,li_3815119724,Software,Bay Mortgage Services,linkedin,-4.1153
Rekayasa Proses Bisnis,CLO-3,2,li_4399451605,"Software Engineer, Full Stack",Clay,linkedin,-4.7885
Rekayasa Proses Bisnis,CLO-3,3,li_4337648158,"Software Engineer, Full Stack",Clay,linkedin,-4.7885
Rekayasa Proses Bisnis,CLO-3,4,li_4323760824,"Software Engineer, Backend",Clay,linkedin,-4.7981
Rekayasa Proses Bisnis,CLO-3,5,li_4339359236,"Software Engineer, Backend",Clay,linkedin,-4.8344
Rekayasa Proses Bisnis,CLO-4,1,li_4434016802,Back End Developer,Cooler Master USA,linkedin,-5.1121
Rekayasa Proses Bisnis,CLO-4,2,li_4339359236,"Software Engineer, Backend",Clay,linkedin,-5.1472
Rekayasa Proses Bisnis,CLO-4,3,li_4338267967,"Software Engineer, Backend",Clay,linkedin,-5.1472
Rekayasa Proses Bisnis,CLO-4,4,li_4323760824,"Software Engineer, Backend",Clay,linkedin,-5.2026
Rekayasa Proses Bisnis,CLO-4,5,li_4337648158,"Software Engineer, Full Stack",Clay,linkedin,-5.2104
Rekayasa Proses Bisnis,CLO-4,1,li_4434016802,Back End Developer,Cooler Master USA,linkedin,-3.5589
Rekayasa Proses Bisnis,CLO-4,2,li_4405158984,Dаtа Sсіеntіѕt (Remote),Progressive Leasing,linkedin,-3.6153
Rekayasa Proses Bisnis,CLO-4,3,li_3815119724,Software,Bay Mortgage Services,linkedin,-3.6624
Rekayasa Proses Bisnis,CLO-4,4,li_4424958127,Product Designer,Plot,linkedin,-3.9839
Rekayasa Proses Bisnis,CLO-4,5,li_4432811217,Junior Frontend Developer,MagicSet,linkedin,-3.9982
Rekayasa Proses Bisnis,CLO-4,1,li_3815119724,Software,Bay Mortgage Services,linkedin,-4.1767
Rekayasa Proses Bisnis,CLO-4,2,li_4339359236,"Software Engineer, Backend",Clay,linkedin,-4.8924
Rekayasa Proses Bisnis,CLO-4,3,li_4337648158,"Software Engineer, Full Stack",Clay,linkedin,-5.0254
Rekayasa Proses Bisnis,CLO-4,4,li_4399451605,"Software Engineer, Full Stack",Clay,linkedin,-5.0254
Rekayasa Proses Bisnis,CLO-4,5,li_4434016802,Back End Developer,Cooler Master USA,linkedin,-5.0577
Sistem Basis Data,CLO 1-1,1,li_4431330775,Software Developer,Arvin Acme Technologies Inc,linkedin,-1.6537
Sistem Basis Data,CLO 1-1,2,li_4419895399,Software Engineer,Kratos Defense and Security Solutions,linkedin,-1.8517
Sistem Basis Data,CLO 1-1,3,li_4405260780,Machine Learning (ML) Engineer,Vectara,linkedin,-2.292
Sistem Basis Data,CLO 1-1,4,li_3815119724,Software,Bay Mortgage Services,linkedin,-3.1044
Sistem Basis Data,CLO 1-1,5,li_4430289828,Software Engineer II,Arcfield,linkedin,-4.0722
Sistem Basis Data,CLO 1-1,1,li_3815119724,Software,Bay Mortgage Services,linkedin,-1.2379
Sistem Basis Data,CLO 1-1,2,li_4431330775,Software Developer,Arvin Acme Technologies Inc,linkedin,-2.4473
Sistem Basis Data,CLO 1-1,3,li_4406796300,Software Engineer,Anicca Data Science Solutions,linkedin,-4.0465
Sistem Basis Data,CLO 1-1,4,gd_1010181109261,Informaticist 2,CenterWell Senior Primary Care,glassdoor,-4.3407
Sistem Basis Data,CLO 1-1,5,li_4428620717,Systems Engineer,AISIN World Corp. of America,linkedin,-5.1677
Sistem Basis Data,CLO 2-2,1,li_3815119724,Software,Bay Mortgage Services,linkedin,-1.6694
Sistem Basis Data,CLO 2-2,2,li_4434016802,Back End Developer,Cooler Master USA,linkedin,-1.9219
Sistem Basis Data,CLO 2-2,3,li_4406796300,Software Engineer,Anicca Data Science Solutions,linkedin,-2.4582
Sistem Basis Data,CLO 2-2,4,li_4435439591,Data Analyst,DBD International,linkedin,-2.6893
Sistem Basis Data,CLO 2-2,5,li_4424741876,Data Analyst,Yulista Holding LLC,linkedin,-2.9097
Sistem Basis Data,CLO 2-3,1,li_4426669408,Software Developer,Zekiah Technologies,linkedin,1.7255
Sistem Basis Data,CLO 2-3,2,li_4431178572,Data Systems Specialist,Qnity,linkedin,1.045
Sistem Basis Data,CLO 2-3,3,li_3815119724,Software,Bay Mortgage Services,linkedin,-1.4868
Sistem Basis Data,CLO 2-3,4,li_4434016802,Back End Developer,Cooler Master USA,linkedin,-2.4518
Sistem Basis Data,CLO 2-3,5,li_4432900614,Software Engineer,Millennium Software Inc,linkedin,-3.1619
Sistem Basis Data,CLO 3-4,1,li_4433236166,SENIOR FULL STACK DEVELOPER,Salvatech,linkedin,-4.4423
Sistem Basis Data,CLO 3-4,2,li_4431117643,Software Developer,IEQ Technology,linkedin,-5.5975
Sistem Basis Data,CLO 3-4,3,li_4434016802,Back End Developer,Cooler Master USA,linkedin,-5.7346
Sistem Basis Data,CLO 3-4,4,li_4404995783,"Data Scientist, New Grad",SentiLink,linkedin,-5.8966
Sistem Basis Data,CLO 3-4,5,li_4411637470,"Software Engineer, Trust",Notion,linkedin,-6.1586
Sistem Basis Data,CLO 4-5,1,li_4404995783,"Data Scientist, New Grad",SentiLink,linkedin,-3.1672
Sistem Basis Data,CLO 4-5,2,li_4375868798,Data Analyst,Clay,linkedin,-3.5509
Sistem Basis Data,CLO 4-5,3,li_4435439591,Data Analyst,DBD International,linkedin,-3.6138
Sistem Basis Data,CLO 4-5,4,li_4431128682,UI Designer,Collate,linkedin,-4.0829
Sistem Basis Data,CLO 4-5,5,li_4431280792,Data Analyst,World Wide Professional Solutions,linkedin,-4.1263
Sistem Basis Data,CLO-01,1,li_3815119724,Software,Bay Mortgage Services,linkedin,-2.192
Sistem Basis Data,CLO-01,2,gd_1010181109261,Informaticist 2,CenterWell Senior Primary Care,glassdoor,-3.6249
Sistem Basis Data,CLO-01,3,li_4375868798,Data Analyst,Clay,linkedin,-3.7026
Sistem Basis Data,CLO-01,4,li_4380008807,Software Engineer II (Maritime),Torch.AI,linkedin,-4.4801
Sistem Basis Data,CLO-01,5,li_4430289828,Software Engineer II,Arcfield,linkedin,-4.501
Sistem Basis Data,CLO-01,1,li_3815119724,Software,Bay Mortgage Services,linkedin,-4.0035
Sistem Basis Data,CLO-01,2,li_4338267967,"Software Engineer, Backend",Clay,linkedin,-4.7648
Sistem Basis Data,CLO-01,3,li_4339359236,"Software Engineer, Backend",Clay,linkedin,-4.7648
Sistem Basis Data,CLO-01,4,li_4337648158,"Software Engineer, Full Stack",Clay,linkedin,-5.0538
Sistem Basis Data,CLO-01,5,li_4399451605,"Software Engineer, Full Stack",Clay,linkedin,-5.0538
Sistem Basis Data,CLO-03,1,li_3815119724,Software,Bay Mortgage Services,linkedin,-3.6476
Sistem Basis Data,CLO-03,2,li_4195260019,"Software Engineer, Product Backend",Glean,linkedin,-4.7836
Sistem Basis Data,CLO-03,3,li_4258382945,"Software Engineer, Backend",Glean,linkedin,-4.8029
Sistem Basis Data,CLO-03,4,li_4195258183,"Software Engineer, Frontend",Glean,linkedin,-4.8451
Sistem Basis Data,CLO-03,5,li_4399451605,"Software Engineer, Full Stack",Clay,linkedin,-5.1686
Sistem Basis Data,CLO-08,1,li_4416261558,Software Engineer (Backend),Lorum,linkedin,-6.4523
Sistem Basis Data,CLO-08,2,li_4424958127,Product Designer,Plot,linkedin,-6.4691
Sistem Basis Data,CLO-08,3,li_3815119724,Software,Bay Mortgage Services,linkedin,-6.6227
Sistem Basis Data,CLO-08,4,li_4385647711,"Software Engineer, Developer Experience (AI)",Clay,linkedin,-6.8036
Sistem Basis Data,CLO-08,5,li_4434016802,Back End Developer,Cooler Master USA,linkedin,-7.1536
Sistem Basis Data,CLO01a,1,li_4419202281,Android Developer,Virtusa,linkedin,-2.6834
Sistem Basis Data,CLO01a,2,li_3815119724,Software,Bay Mortgage Services,linkedin,-3.3899
Sistem Basis Data,CLO01a,3,li_4434016802,Back End Developer,Cooler Master USA,linkedin,-3.6044
Sistem Basis Data,CLO01a,4,li_4416430090,"Backend Engineer, Growth and Data",Hebbia,linkedin,-3.614
Sistem Basis Data,CLO01a,5,li_4325154188,Software Engineer (Remote),Keye (YC F24),linkedin,-4.2914
Sistem Basis Data,CLO01b,1,li_4380008807,Software Engineer II (Maritime),Torch.AI,linkedin,-4.5412
Sistem Basis Data,CLO01b,2,gd_1009846201389,AI Researcher,"AGI, Inc.",glassdoor,-5.3144
Sistem Basis Data,CLO01b,3,li_3815119724,Software,Bay Mortgage Services,linkedin,-5.5837
Sistem Basis Data,CLO01b,4,li_4318503546,Product Designer,"AGI, Inc.",linkedin,-5.6375
Sistem Basis Data,CLO01b,5,li_4429955515,Product Designer,Conduct,linkedin,-5.7008
Sistem Basis Data,CLO01c,1,li_4405158984,Dаtа Sсіеntіѕt (Remote),Progressive Leasing,linkedin,-5.8504
Sistem Basis Data,CLO01c,2,gd_1009846201389,AI Researcher,"AGI, Inc.",glassdoor,-6.004
Sistem Basis Data,CLO01c,3,li_4429019731,AI/ML Engineer — Job Posting,Get Hire Technologies Inc.,linkedin,-6.2408
Sistem Basis Data,CLO01c,4,gd_1010155378118,Data AI Annotator - Flexible Hours,Innodata Inc.,glassdoor,-6.2506
Sistem Basis Data,CLO01c,5,gd_1010155378140,Applied AI Associate - Flexible Hours,Innodata Inc.,glassdoor,-6.2628
Sistem Basis Data,CLO01d,1,li_4435439591,Data Analyst,DBD International,linkedin,-3.7292
Sistem Basis Data,CLO01d,2,li_4435010314,"Professional, Data Quality",Cotality,linkedin,-3.7973
Sistem Basis Data,CLO01d,3,li_4435019087,"Professional, Data Quality",Cotality,linkedin,-3.7973
Sistem Basis Data,CLO01d,4,li_4427112925,Data Analyst,Beyond Feedback,linkedin,-3.9221
Sistem Basis Data,CLO01d,5,li_4404995783,"Data Scientist, New Grad",SentiLink,linkedin,-4.7775
Sistem Basis Data,CLO01e,1,li_4428474361,Product Designer,Quantifind,linkedin,-4.2374
Sistem Basis Data,CLO01e,2,li_4419558780,"Software Engineer (Backend), Content Foundations","Scribd, Inc.",linkedin,-4.7188
Sistem Basis Data,CLO01e,3,li_4419576591,"Software Engineer (Backend), Content Foundations","Scribd, Inc.",linkedin,-4.7188
Sistem Basis Data,CLO01e,4,li_4419576589,"Software Engineer (Backend), Content Foundations","Scribd, Inc.",linkedin,-4.7188
Sistem Basis Data,CLO01e,5,li_3815119724,Software,Bay Mortgage Services,linkedin,-5.0521
Sistem Enterprise,CLO 1-Sub-CLO02,1,li_4405158984,Dаtа Sсіеntіѕt (Remote),Progressive Leasing,linkedin,-3.8565
Sistem Enterprise,CLO 1-Sub-CLO02,2,li_4429955515,Product Designer,Conduct,linkedin,-4.1607
Sistem Enterprise,CLO 1-Sub-CLO02,3,li_4424958127,Product Designer,Plot,linkedin,-5.2127
Sistem Enterprise,CLO 1-Sub-CLO02,4,li_4363726700,Software Engineer,Oso,linkedin,-5.7265
Sistem Enterprise,CLO 1-Sub-CLO02,5,li_4434016802,Back End Developer,Cooler Master USA,linkedin,-5.732
Sistem Enterprise,CLO 1-Sub-CLO04,1,li_4363726700,Software Engineer,Oso,linkedin,-4.6793
Sistem Enterprise,CLO 1-Sub-CLO04,2,li_4414676598,Software Engineer,ETAP Software,linkedin,-4.9767
Sistem Enterprise,CLO 1-Sub-CLO04,3,li_3815119724,Software,Bay Mortgage Services,linkedin,-5.3854
Sistem Enterprise,CLO 1-Sub-CLO04,4,li_4432900614,Software Engineer,Millennium Software Inc,linkedin,-5.453
Sistem Enterprise,CLO 1-Sub-CLO04,5,li_4428785976,"Software Engineer, Backend",Imprint,linkedin,-5.4912
Sistem Enterprise,CLO 2-Sub-CLO01,1,li_4428620717,Systems Engineer,AISIN World Corp. of America,linkedin,-4.1693
Sistem Enterprise,CLO 2-Sub-CLO01,2,li_4429955515,Product Designer,Conduct,linkedin,-6.1246
Sistem Enterprise,CLO 2-Sub-CLO01,3,li_4434016802,Back End Developer,Cooler Master USA,linkedin,-6.7775
Sistem Enterprise,CLO 2-Sub-CLO01,4,li_3815119724,Software,Bay Mortgage Services,linkedin,-6.9309
Sistem Enterprise,CLO 2-Sub-CLO01,5,li_4424958127,Product Designer,Plot,linkedin,-7.0392
Sistem Enterprise,CLO 2-Sub-CLO01,1,li_4429955515,Product Designer,Conduct,linkedin,-6.2102
Sistem Enterprise,CLO 2-Sub-CLO01,2,li_4434016802,Back End Developer,Cooler Master USA,linkedin,-6.8502
Sistem Enterprise,CLO 2-Sub-CLO01,3,li_3815119724,Software,Bay Mortgage Services,linkedin,-6.9632
Sistem Enterprise,CLO 2-Sub-CLO01,4,li_4424958127,Product Designer,Plot,linkedin,-7.1121
Sistem Enterprise,CLO 2-Sub-CLO01,5,li_4418860602,Business Analyst,Tata Consultancy Services,linkedin,-7.1369
Sistem Enterprise,CLO 2-Sub-CLO03,1,li_4415368109,"Software Engineer II, Backend - HR Product",Rippling,linkedin,-2.5381
Sistem Enterprise,CLO 2-Sub-CLO03,2,li_4405158984,Dаtа Sсіеntіѕt (Remote),Progressive Leasing,linkedin,-4.1796
Sistem Enterprise,CLO 2-Sub-CLO03,3,li_4427112925,Data Analyst,Beyond Feedback,linkedin,-4.7724
Sistem Enterprise,CLO 2-Sub-CLO03,4,li_4424958127,Product Designer,Plot,linkedin,-4.9202
Sistem Enterprise,CLO 2-Sub-CLO03,5,li_4428785976,"Software Engineer, Backend",Imprint,linkedin,-4.9716
Sistem Enterprise,CLO 2-Sub-CLO05,1,li_4428505624,Business Systems Analyst,CACI International Inc,linkedin,-2.0512
Sistem Enterprise,CLO 2-Sub-CLO05,2,li_4427749735,"Analyst, Enterprise Data",McLeod Software,linkedin,-2.2683
Sistem Enterprise,CLO 2-Sub-CLO05,3,li_4405260780,Machine Learning (ML) Engineer,Vectara,linkedin,-2.4056
Sistem Enterprise,CLO 2-Sub-CLO05,4,li_4205003719,Software Engineer,Middesk,linkedin,-3.7554
Sistem Enterprise,CLO 2-Sub-CLO05,5,li_4432488212,Machine Learning Engineer,Harrison Clarke,linkedin,-4.7335
Sistem Enterprise,CLO-1,1,li_4399451605,"Software Engineer, Full Stack",Clay,linkedin,-5.5603
Sistem Enterprise,CLO-1,2,li_4337648158,"Software Engineer, Full Stack",Clay,linkedin,-5.5603
Sistem Enterprise,CLO-1,3,li_4339359236,"Software Engineer, Backend",Clay,linkedin,-5.6411
Sistem Enterprise,CLO-1,4,li_4338267967,"Software Engineer, Backend",Clay,linkedin,-5.6411
Sistem Enterprise,CLO-1,5,li_4385647711,"Software Engineer, Developer Experience (AI)",Clay,linkedin,-5.6682
Sistem Enterprise,CLO-2,1,li_3815119724,Software,Bay Mortgage Services,linkedin,-3.165
Sistem Enterprise,CLO-2,2,gd_1010181109261,Informaticist 2,CenterWell Senior Primary Care,glassdoor,-4.0986
Sistem Enterprise,CLO-2,3,li_4426390973,Application Developer II,Cass Information Systems,linkedin,-5.3826
Sistem Enterprise,CLO-2,4,li_4380008807,Software Engineer II (Maritime),Torch.AI,linkedin,-5.7704
Sistem Enterprise,CLO-2,5,li_4434016802,Back End Developer,Cooler Master USA,linkedin,-5.8404
Sistem Enterprise,CLO01a,1,li_4429955515,Product Designer,Conduct,linkedin,-4.0521
Sistem Enterprise,CLO01a,2,li_4419575653,"Software Engineer (Backend), Content Foundations","Scribd, Inc.",linkedin,-4.0611
Sistem Enterprise,CLO01a,3,li_4419576591,"Software Engineer (Backend), Content Foundations","Scribd, Inc.",linkedin,-4.0611
Sistem Enterprise,CLO01a,4,li_4419568698,"Software Engineer (Backend), Content Foundations","Scribd, Inc.",linkedin,-4.0611
Sistem Enterprise,CLO01a,5,li_4419576589,"Software Engineer (Backend), Content Foundations","Scribd, Inc.",linkedin,-4.0611
Sistem Enterprise,CLO01b,1,li_4335581071,Senior Software Engineer,Slant CRM,linkedin,-2.9038
Sistem Enterprise,CLO01b,2,li_4335431264,Product Designer,Slant CRM,linkedin,-3.0422
Sistem Enterprise,CLO01b,3,li_4415368109,"Software Engineer II, Backend - HR Product",Rippling,linkedin,-5.7559
Sistem Enterprise,CLO01b,4,li_4429955515,Product Designer,Conduct,linkedin,-5.8526
Sistem Enterprise,CLO01b,5,gd_1007506508998,Science Policy Postdocs,European Business Reliance Centre,glassdoor,-6.9958
Sistem Enterprise,CLO01c,1,li_4419575653,"Software Engineer (Backend), Content Foundations","Scribd, Inc.",linkedin,-4.6439
Sistem Enterprise,CLO01c,2,li_4419568698,"Software Engineer (Backend), Content Foundations","Scribd, Inc.",linkedin,-4.6439
Sistem Enterprise,CLO01c,3,li_4415368109,"Software Engineer II, Backend - HR Product",Rippling,linkedin,-4.7041
Sistem Enterprise,CLO01c,4,li_4431882519,Software Developer,Factory6,linkedin,-5.0255
Sistem Enterprise,CLO01c,5,li_4434088291,Software Engineer,C1,linkedin,-5.3061
Sistem Enterprise,CLO01d,1,li_4318518203,Applied AI Engineer,Zania,linkedin,-4.9907
Sistem Enterprise,CLO01d,2,li_4429955515,Product Designer,Conduct,linkedin,-5.2517
Sistem Enterprise,CLO01d,3,li_4405158984,Dаtа Sсіеntіѕt (Remote),Progressive Leasing,linkedin,-5.2671
Sistem Enterprise,CLO01d,4,li_4435010314,"Professional, Data Quality",Cotality,linkedin,-5.5682
Sistem Enterprise,CLO01d,5,li_4435019087,"Professional, Data Quality",Cotality,linkedin,-5.5682
Sistem Informasi Akuntansi,CLO-02,1,li_4424741876,Data Analyst,Yulista Holding LLC,linkedin,2.2664
Sistem Informasi Akuntansi,CLO-02,2,li_4375997156,Data Analyst,Chubb,linkedin,0.4196
Sistem Informasi Akuntansi,CLO-02,3,li_4428505624,Business Systems Analyst,CACI International Inc,linkedin,0.2135
Sistem Informasi Akuntansi,CLO-02,4,li_4415682876,Business Analyst,Tata Consultancy Services,linkedin,-0.3056
Sistem Informasi Akuntansi,CLO-02,5,li_4418860602,Business Analyst,Tata Consultancy Services,linkedin,-0.3056
Sistem Informasi Akuntansi,CLO-05,1,li_4405260780,Machine Learning (ML) Engineer,Vectara,linkedin,-1.5286
Sistem Informasi Akuntansi,CLO-05,2,li_4380008807,Software Engineer II (Maritime),Torch.AI,linkedin,-2.4282
Sistem Informasi Akuntansi,CLO-05,3,gd_1009846201389,AI Researcher,"AGI, Inc.",glassdoor,-2.8559
Sistem Informasi Akuntansi,CLO-05,4,li_4431574304,"(USA) Senior, Software Engineer",Walmart,linkedin,-4.2696
Sistem Informasi Akuntansi,CLO-05,5,li_3815119724,Software,Bay Mortgage Services,linkedin,-4.6169
Sistem Informasi Akuntansi,CLO-06,1,li_4406626376,Software Engineer,Tabs,linkedin,-1.2917
Sistem Informasi Akuntansi,CLO-06,2,li_4363726700,Software Engineer,Oso,linkedin,-3.2594
Sistem Informasi Akuntansi,CLO-06,3,li_4415368109,"Software Engineer II, Backend - HR Product",Rippling,linkedin,-3.8588
Sistem Informasi Akuntansi,CLO-06,4,li_4426390973,Application Developer II,Cass Information Systems,linkedin,-4.0029
Sistem Informasi Akuntansi,CLO-06,5,li_4434073696,Software Engineer,C1,linkedin,-4.7551
Sistem Informasi Akuntansi,CLO-08,1,gd_1010181109261,Informaticist 2,CenterWell Senior Primary Care,glassdoor,-3.6004
Sistem Informasi Akuntansi,CLO-08,2,li_4327166527,Computer Scientist - Mid,"Bluehawk LLC, Intelligence Services",linkedin,-3.9883
Sistem Informasi Akuntansi,CLO-08,3,li_4426669408,Software Developer,Zekiah Technologies,linkedin,-6.3438
Sistem Informasi Akuntansi,CLO-08,4,li_4415952925,Computer Programmer (On-Site),CSSI,linkedin,-6.5963
Sistem Informasi Akuntansi,CLO-08,5,li_4434016802,Back End Developer,Cooler Master USA,linkedin,-6.6188
Sistem Operasi,CLO 1,1,li_3815119724,Software,Bay Mortgage Services,linkedin,1.9363
Sistem Operasi,CLO 1,2,li_4375997156,Data Analyst,Chubb,linkedin,-0.7881
Sistem Operasi,CLO 1,3,li_4426669408,Software Developer,Zekiah Technologies,linkedin,-1.6631
Sistem Operasi,CLO 1,4,li_4431449969,Data Analyst,Equifax,linkedin,-1.8832
Sistem Operasi,CLO 1,5,li_4415682876,Business Analyst,Tata Consultancy Services,linkedin,-2.24
Sistem Operasi,CLO 2,1,li_3815119724,Software,Bay Mortgage Services,linkedin,-0.8193
Sistem Operasi,CLO 2,2,li_4431330775,Software Developer,Arvin Acme Technologies Inc,linkedin,-2.7143
Sistem Operasi,CLO 2,3,li_4426669408,Software Developer,Zekiah Technologies,linkedin,-2.8629
Sistem Operasi,CLO 2,4,li_4431506499,Software Developer,MarathonSoft LLC,linkedin,-3.5597
Sistem Operasi,CLO 2,5,li_4363726700,Software Engineer,Oso,linkedin,-5.3747
Sistem Operasi,CLO 3,1,gd_1010178865002,"Research Assistant I - Audibility, Perception and Cognition Laboratory",Boys Town National Research Hospital,glassdoor,-2.8944
Sistem Operasi,CLO 3,2,li_3815119724,Software,Bay Mortgage Services,linkedin,-4.3427
Sistem Operasi,CLO 3,3,li_4430289828,Software Engineer II,Arcfield,linkedin,-5.5145
Sistem Operasi,CLO 3,4,gd_1009819048256,Research Associate,University of Southern California,glassdoor,-5.7642
Sistem Operasi,CLO 3,5,li_4363726700,Software Engineer,Oso,linkedin,-5.8563
Sistem Operasi,CLO 4,1,li_4426390973,Application Developer II,Cass Information Systems,linkedin,0.6813
Sistem Operasi,CLO 4,2,li_4434220495,Software Developer,Brilliant Infotech Inc.,linkedin,-1.8289
Sistem Operasi,CLO 4,3,li_4414933290,Application Developer II,Aqua,linkedin,-2.3271
Sistem Operasi,CLO 4,4,li_4243859384,Test analyst,ADP WFN Test Company 3,linkedin,-3.8919
Sistem Operasi,CLO 4,5,li_4363726700,Software Engineer,Oso,linkedin,-4.3626
Sistem Operasi,CLO-01,1,li_3815119724,Software,Bay Mortgage Services,linkedin,2.3154
Sistem Operasi,CLO-01,2,li_4430289828,Software Engineer II,Arcfield,linkedin,0.8446
Sistem Operasi,CLO-01,3,li_4375997156,Data Analyst,Chubb,linkedin,-0.3407
Sistem Operasi,CLO-01,4,li_4431449969,Data Analyst,Equifax,linkedin,-1.3025
Sistem Operasi,CLO-01,5,li_4415682876,Business Analyst,Tata Consultancy Services,linkedin,-1.438
Sistem Operasi,CLO-02,1,li_3815119724,Software,Bay Mortgage Services,linkedin,-1.004
Sistem Operasi,CLO-02,2,li_4431330775,Software Developer,Arvin Acme Technologies Inc,linkedin,-2.8066
Sistem Operasi,CLO-02,3,li_4426669408,Software Developer,Zekiah Technologies,linkedin,-3.0268
Sistem Operasi,CLO-02,4,li_4426390973,Application Developer II,Cass Information Systems,linkedin,-3.8652
Sistem Operasi,CLO-02,5,li_4434220495,Software Developer,Brilliant Infotech Inc.,linkedin,-4.5947
Sistem Operasi,CLO-03,1,gd_1010178865002,"Research Assistant I - Audibility, Perception and Cognition Laboratory",Boys Town National Research Hospital,glassdoor,-2.9953
Sistem Operasi,CLO-03,2,li_4432488212,Machine Learning Engineer,Harrison Clarke,linkedin,-3.803
Sistem Operasi,CLO-03,3,li_3815119724,Software,Bay Mortgage Services,linkedin,-4.4038
Sistem Operasi,CLO-03,4,li_4422384759,Machine Learning Operations Engineer,Sintela,linkedin,-5.5704
Sistem Operasi,CLO-03,5,li_4430289828,Software Engineer II,Arcfield,linkedin,-5.6978
Sistem Operasi,CLO-04,1,li_4426390973,Application Developer II,Cass Information Systems,linkedin,0.7136
Sistem Operasi,CLO-04,2,li_4434220495,Software Developer,Brilliant Infotech Inc.,linkedin,-1.9308
Sistem Operasi,CLO-04,3,li_4414933290,Application Developer II,Aqua,linkedin,-2.1451
Sistem Operasi,CLO-04,4,li_3815119724,Software,Bay Mortgage Services,linkedin,-3.7621
Sistem Operasi,CLO-04,5,li_4243859384,Test analyst,ADP WFN Test Company 3,linkedin,-4.0136
Tata Kelola dan Manajemen Teknologi Informasi,CLO-02,1,li_3815119724,Software,Bay Mortgage Services,linkedin,-2.1323
Tata Kelola dan Manajemen Teknologi Informasi,CLO-02,2,li_4426669408,Software Developer,Zekiah Technologies,linkedin,-2.6728
Tata Kelola dan Manajemen Teknologi Informasi,CLO-02,3,li_4327166527,Computer Scientist - Mid,"Bluehawk LLC, Intelligence Services",linkedin,-3.1989
Tata Kelola dan Manajemen Teknologi Informasi,CLO-02,4,li_4406796300,Software Engineer,Anicca Data Science Solutions,linkedin,-3.842
Tata Kelola dan Manajemen Teknologi Informasi,CLO-02,5,li_4426390973,Application Developer II,Cass Information Systems,linkedin,-4.3821
Tata Kelola dan Manajemen Teknologi Informasi,CLO-03,1,li_4435252523,Data Analyst,ShrinQ Consulting Group Inc,linkedin,-0.136
Tata Kelola dan Manajemen Teknologi Informasi,CLO-03,2,li_4435815437,Data Analyst (Data Management),UNCOMN,linkedin,-1.0444
Tata Kelola dan Manajemen Teknologi Informasi,CLO-03,3,li_4419895399,Software Engineer,Kratos Defense and Security Solutions,linkedin,-2.9441
Tata Kelola dan Manajemen Teknologi Informasi,CLO-03,4,li_4427645315,"IT Data Analyst | SQL, Power BI & Business Intelligence","Hillyard, Inc.",linkedin,-3.1823
Tata Kelola dan Manajemen Teknologi Informasi,CLO-03,5,li_4427112925,Data Analyst,Beyond Feedback,linkedin,-3.4344
Tata Kelola dan Manajemen Teknologi Informasi,CLO-04,1,li_3815119724,Software,Bay Mortgage Services,linkedin,-1.6327
Tata Kelola dan Manajemen Teknologi Informasi,CLO-04,2,li_4426669408,Software Developer,Zekiah Technologies,linkedin,-2.2244
Tata Kelola dan Manajemen Teknologi Informasi,CLO-04,3,li_4428505624,Business Systems Analyst,CACI International Inc,linkedin,-2.3452
Tata Kelola dan Manajemen Teknologi Informasi,CLO-04,4,li_4415682876,Business Analyst,Tata Consultancy Services,linkedin,-4.5056
Tata Kelola dan Manajemen Teknologi Informasi,CLO-04,5,li_4418860602,Business Analyst,Tata Consultancy Services,linkedin,-4.5056
